cik,name,tags,score,rev_cur,rev_prev,op_cur,op_prev,ni_cur,ni_prev
723125,"Micron Technology, Inc.",S1+S3,0.991,41456000000,9301000000,33318000000,2169000000,28243000000,1885000000
1356090,"PRECIGEN, INC.",S2,0.984,54978000,856000,22642000,-31764000,20071000,-26642000
1735438,MeiraGTx Holdings plc,S2,0.979,321434000,3691000,244425000,-44793000,160720000,-38795000
1706431,"Vir Biotechnology, Inc.",S2,0.978,238946000,1214000,73467000,-118417000,80080000,-110958000
1377121,"PROTAGONIST THERAPEUTICS, INC.",S2,0.978,213475000,5546000,158766000,-42041000,162849000,-34771000
1655759,"ARVINAS, INC.",S2,0.973,249700000,22400000,164100000,-71500000,169400000,-61200000
1819576,LIQUIDIA     CORPORATION,S2,0.966,171679000,8837000,85517000,-37505000,74722000,-41579000
1596993,DORIAN LPG LTD.,S1+S3,0.966,187884848,84211966,142664853,15591809,138285022,10082101
1590877,REGENXBIO Inc.,S2,0.966,108019000,21359000,29263000,-63278000,22709000,-70871000
1679049,"INTERNATIONAL SEAWAYS, INC.",S1+S3,0.952,467287000,195641000,301348000,69367000,294925000,61646000
893538,SM ENERGY CO,S1+S3,0.944,2500000000,793000000,1496000000,295000000,1071000000,202000000
1141197,PEDEVCO CORP.,S2,0.928,46113000,6972000,15358000,-2244000,17454000,-1676000
1051627,AXT INC,S2,0.91,47589000,17974000,10423000,-6745000,11128000,-7008000
2074176,"Viper Energy, Inc.",S1+S3,0.908,658000000,287000000,428000000,135000000,142000000,37000000
1959455,Himalaya Shipping Ltd.,S1+S3,0.903,53700000,29900000,36700000,13600000,24600000,1100000
1070081,"PTC Therapeutics, Inc.",S2,0.901,360519000,178875000,148977000,-34957000,83496000,-64849000
718937,STAAR Surgical Co,S2,0.9,93535000,44320000,10101000,-29964000,8058000,-16812000
1673743,"Hinge Health, Inc.",S2,0.892,212817000,139098000,40440000,-580671000,43690000,-575651000
1434647,"Zevra Therapeutics, Inc.",S2,0.89,39663000,25881000,16777000,-71039000,8752000,74707000
1486159,Chord Energy Corporation,S2,0.887,2172685000,1180560000,602720000,-403215000,525186000,-389905000
1337298,FUTUREFUEL CORP.,S2,0.886,78726000,35673000,11251000,-15554000,11370000,-14190000
1321655,Palantir Technologies Inc.,S1+S3,0.883,1935464000,1003697000,912004000,269317000,1061890000,326727000
1001614,"Riley Exploration Permian, Inc.",S1+S3,0.88,165850000,85394000,87232000,28754000,87370000,30470000
1559432,"TXO Partners, L.P.",S2,0.876,134428000,75044000,57665000,-3715000,60771000,-135000
1710340,"Eton Pharmaceuticals, Inc.",S2,0.875,37589000,18928000,12794000,-1475000,11578000,-2585000
1866175,Crescent Energy Company,S1+S3,0.87,1394954000,897983000,580986000,79635000,492765000,153221000
1724965,Talos Energy Inc.,S2,0.869,664813000,424721000,198222000,-273592000,149667000,-185937000
1217234,"CAREDX, INC.",S2,0.862,131948000,86679000,113223000,-11121000,110636000,-8568000
97210,"TERADYNE, INC.",S1+S3,0.861,1328990000,651797000,437810000,90743000,374533000,78372000
1876042,"CIRCLE INTERNET GROUP, INC.",S2,0.859,33582000,23804000,34359000,-325582000,48221000,-482100000
1658566,PERMIAN RESOURCES CORPORATION,S1+S3,0.853,1858035000,1197596000,928176000,297485000,792464000,207137000
1818643,"PHOENIX ENERGY ONE, LLC",S1+S3,0.852,405851000,163834000,163535000,46699000,105985000,18698000
2029118,"INFINITY NATURAL RESOURCES, INC.",S1+S3,0.845,170410000,72471000,70504000,21679000,31752000,17988000
1451809,SiTime Corporation,S2,0.831,157432000,69494000,8215000,-24611000,18156000,-20179000
56978,"KULICKE AND SOFFA INDUSTRIES, INC.",S2,0.823,330409000,148413000,68266000,-6094000,57416000,-3289000
1299969,"Comstock Holding Companies, Inc.",S1+S3,0.804,22581000,12972000,6646000,1783000,8845000,1446000
934549,Acacia Research Corporation,S2,0.803,114562000,51237000,8516000,-12385000,47000,-3293000
1850351,"Liftoff Mobile, Inc.",S1+S3,0.8,219505000,162084000,77411000,44000,-4231000,-23783000
1098972,AGENUS INC,S2,0.796,34518000,25691000,11293000,-16711000,,
1787306,"ARCUTIS BIOTHERAPEUTICS, INC.",S2,0.795,129861000,81504000,16429000,-14611000,15009000,-15886000
719413,HECLA MINING COMPANY,S1+S3,0.792,333851000,218992000,145698000,57967000,117876000,57705000
1656472,CRONOS GROUP INC.,S2,0.792,53007000,33455000,7404000,-5324000,32085000,-39711000
1698990,Magnolia Oil & Gas Corp,S1+S3,0.786,478811000,318981000,239501000,107814000,181776000,78117000
1795586,"Chime Financial, Inc.",S2,0.781,669768000,528149000,21322000,-930638000,27850000,-923376000
1786117,"ALPINE INCOME PROPERTY TRUST, INC.",S1+S3,0.779,20002000,14863000,8707000,2491000,4191000,-1641000
717423,MURPHY OIL CORPORATION,S1+S3,0.776,926332000,683065000,354668000,92211000,232175000,22280000
1664703,BLOOM ENERGY CORPORATION,S2,0.775,1060746000,396256000,182237000,-3503000,,
882796,"BIOCRYST PHARMACEUTICALS, INC.",S1+S3,0.775,218250000,163353000,98465000,29786000,78395000,5085000
1713445,"Reddit, Inc.",S1+S3,0.774,804905000,499627000,231716000,67711000,252848000,89297000
1293818,CAPFORCE INC.,S1,0.77,50000000,4000000,44286364,3402775,42471082,3509992
1691303,"Warrior Met Coal, Inc.",S1+S3,0.768,509690000,297523000,94521000,7723000,87429000,5606000
1539838,"Diamondback Energy, Inc.",S1+S3,0.763,5562000000,3678000000,2512000000,1139000000,1882000000,699000000
793306,BLUE DOLPHIN ENERGY CO,S2,0.762,144255000,56583000,23726000,-629000,17736000,-1722000
2064124,"FIGURE TECHNOLOGY SOLUTIONS, INC.",S1+S3,0.757,225588000,106077000,77737000,27724000,87446000,29942000
1326200,GENCO SHIPPING & TRADING LIMITED,S2,0.756,136414000,80939000,21752000,-4262000,16649000,-6801000
821483,"Par Pacific Holdings, Inc.",S1+S3,0.754,2968869000,1893438000,634553000,96760000,462131000,59460000
1178670,"ALNYLAM PHARMACEUTICALS, INC.",S2,0.75,1290948000,773689000,231441000,-16199000,164494000,-72228000
2007855,"VENTURE GLOBAL, INC.",S1+S3,0.749,4578000000,3101000000,2188000000,1038000000,,
1735041,GREENLAND TECHNOLOGIES HOLDING CORPORATION,S2,0.741,29877328,21719786,5983065,-2323247,3503455,-3225268
1496443,"PAYSIGN, INC.",S1+S3,0.738,28252071,19078353,7010916,1437607,6756537,1387761
1446847,"IRONWOOD PHARMACEUTICALS, INC.",S1+S3,0.731,113041000,85239000,79307000,45321000,51291000,23599000
880631,"WisdomTree, Inc.",S1+S3,0.723,177160000,112621000,71811000,34632000,44284000,24777000
1609253,California Resources Corp,S1+S3,0.723,1056000000,702000000,511000000,267000000,514000000,172000000
827054,MICROCHIP TECHNOLOGY INCORPORATED,S1+S3,0.722,1484700000,1075500000,336800000,32100000,229800000,-18600000
915913,ALBEMARLE CORPORATION,S1+S3,0.718,1743313000,1329992000,452944000,47527000,479959000,22897000
1045810,NVIDIA CORP,S1,0.717,96221000000,46743000000,63734000000,28440000000,59688000000,26422000000
46080,"HASBRO, INC.",S2,0.712,1139600000,980800000,252500000,-798200000,160900000,-855800000
821189,"EOG RESOURCES, INC.",S1+S3,0.711,8620000000,5478000000,3528000000,1747000000,2724000000,1345000000
1469367,Sunrun Inc.,S2,0.706,869988000,569336000,34788000,-112249000,115152000,279773000
851310,HARMONIC INC.,S2,0.703,133462000,86918000,23631000,-754000,-2324000,2871000
1109116,ENTRAVISION COMMUNICATIONS CORPORATION,S2,0.703,227901000,100735000,29967000,-848000,,
1232524,Jazz Pharmaceuticals plc,S2,0.701,1208300000,1045700000,248200000,-686400000,192800000,-718500000
23795,"CTO REALTY GROWTH, INC.",S2,0.696,43831000,37638000,13251000,-12678000,15112000,-23418000
1776909,CURIOSITYSTREAM INC.,S3,0.694,23245000,19012000,9180000,480000,8882000,784000
894627,VAALCO ENERGY INC /DE/,S1+S3,0.693,135166000,96893000,43592000,17182000,42445000,8380000
2488,"ADVANCED MICRO DEVICES, INC",S2,0.691,11536000000,7685000000,1990000000,-134000000,2297000000,872000000
50863,INTEL CORPORATION,S2,0.688,16128000000,12859000000,1796000000,-3176000000,-11033000000,-2918000000
1023459,"Simulations Plus, Inc.",S2,0.684,21886000,20363000,4499000,-74226000,3575000,-67317000
1001838,SOUTHERN COPPER CORP/,S1+S3,0.683,4289000000,3051000000,2623200000,1587000000,,
928054,FLOTEK INDUSTRIES INC/CN,S1+S3,0.682,99367000,58350000,14886000,2587000,9953000,1768000
6281,"Analog Devices, Inc.",S1+S3,0.676,4021899000,2880348000,1612969000,818028000,1340090000,518518000
916789,HELEN OF TROY LIMITED,S2,0.674,402115000,371655000,60349000,-407038000,35762000,-450718000
1275014,"Ultra Clean Holdings, Inc.",S2,0.673,644900000,518800000,29500000,-141800000,8700000,-162000000
1288403,"W&T OFFSHORE, INC.",S2,0.672,162619000,122367000,22629000,-12853000,12561000,-20884000
1674862,ASHLAND INC.,S2,0.672,497000000,463000000,43000000,-708000000,,
2019410,"CARIS LIFE SCIENCES, INC.",S2,0.67,263712000,181398000,26926000,-17989000,-637000,-71790000
1893262,"J.P. Morgan Real Estate Income Trust, Inc.",S1,0.667,29339000,13236000,22904000,11937000,,
1163609,SOUTH DAKOTA SOYBEAN PROCESSORS LLC,S2,0.666,326921314,110640734,34160234,-1408409,23723087,-973147
3570,"CHENIERE ENERGY, INC.",S3,0.663,5677000000,4507000000,4290000000,2530000000,3068000000,1626000000
1600620,Aurinia Pharmaceuticals Inc.,S3,0.655,83220000,70008000,46341000,20083000,37414000,21513000
1039399,"FormFactor, Inc.",S1+S3,0.654,258242000,195798000,57799000,12306000,56207000,9086000
85535,"Royal Gold, Inc",S1,0.653,450539000,209643000,279938000,141840000,236393000,132349000
738214,"AEMETIS, INC",S2,0.65,62700000,52243000,5773000,-10674000,-9367000,-23395000
1922446,Diversified Energy Company,S1+S3,0.65,811908000,586697000,471797000,291382000,246949000,297738000
1384195,"Ring Energy, Inc.",S3,0.648,104681489,82602759,50274192,23475941,64793310,20634887
709283,QUANTUM CORP /DE/,S2,0.639,80803000,64286000,5038000,-12596000,-155293000,-17206000
1520006,Matador Resources Company,S3,0.639,1173423000,925678000,577322000,288664000,390652000,150225000
1498828,THE HOWARD HUGHES CORPORATION,S1,0.638,1009186000,260880000,280796000,73043000,,
1410098,CORMEDIX INC.,S1,0.638,101931000,39736000,42910000,19544000,25988000,19828000
949157,Century Aluminum Company,S3,0.637,752100000,628100000,211600000,18100000,249300000,-4600000
916540,DARLING INGREDIENTS INC.,S3,0.634,1724078000,1481518000,555238000,75868000,387312000,12661000
879585,"ATN INTERNATIONAL, INC.",S3,0.632,170549000,166484000,239732000,233000,167288000,-7026000
50725,GRIFFON CORPORATION,S2,0.625,481370000,449692000,115502000,-132054000,51632000,-120139000
874396,"LIFETIME BRANDS, INC.",S2,0.624,141569000,131862000,31625000,-37207000,19609000,-39699000
1534504,PBF ENERGY INC.,S1+S3,0.621,11678300000,7475300000,1272100000,43000000,906400000,-5200000
917520,INTEGRA LIFESCIENCES HOLDINGS CORP,S2,0.621,418761000,415605000,19285000,-512674000,4482000,-484073000
1060386,Brandywine Realty Trust,S2,0.615,128920000,120571000,19457000,-41327000,-31410000,-88669000
314203,McEWEN INC.,S2,0.611,59234000,46700000,7705000,-3375000,9606000,3040000
1570827,"Victory Capital Holdings, Inc.",S3,0.61,435361000,351212000,193749000,94214000,139404000,58734000
1751008,AppLovin Corporation,S1,0.607,1923686000,1258754000,1494277000,957682000,1266538000,819531000
84748,ROGERS CORP,S2,0.605,216800000,202800000,20000000,-67500000,13600000,-73600000
1451505,Transocean Ltd.,S2,0.604,966000000,988000000,152000000,-964000000,170000000,-938000000
1625297,"Indivior Pharmaceuticals, Inc.",S3,0.603,343000000,302000000,160000000,72000000,122000000,18000000
1334036,"CROCS, INC.",S2,0.602,1179468000,1149373000,285678000,-427516000,204887000,-492282000
2096300,AEVEX Corp.,S2,0.602,201791000,101134000,15371000,-3540000,2328000,-11844000
1709164,HAMILTON BEACH BRANDS HOLDING COMPANY,S3,0.602,142632000,127770000,43206000,5948000,33708000,4453000
1051512,"TELEPHONE AND DATA SYSTEMS, INC.",S2,0.597,255344000,270662000,373212000,-12307000,298366000,11571000
1681622,VAREX IMAGING CORPORATION,S2,0.597,210500000,203000000,22800000,-80700000,15700000,-89100000
821130,"ARRAY DIGITAL INFRASTRUCTURE, INC.",S2,0.596,54070000,888000000,399263000,-18190000,358696000,31496000
1853044,"Aeries Technology, Inc.",S1+S3,0.59,21918000,15330000,3360000,820000,1937000,1574000
1116463,"ORASURE TECHNOLOGIES, INC",S2,0.59,30639000,31242000,5440000,-18026000,6249000,-19693000
1697500,"SOLARIS ENERGY INFRASTRUCTURE, INC.",S1+S3,0.59,113682000,87435000,56513000,35569000,20486000,11955000
1981792,HOWARD HUGHES HOLDINGS INC.,S1,0.589,1122327000,260880000,239590000,67857000,158365000,-12144000
1309402,GREEN PLAINS INC.,S2,0.589,45870000,66189000,67874000,-28363000,67149000,-72238000
1254699,"QVC, Inc.",S2,0.584,1765000000,1984000000,62000000,-2272000000,-31000000,-2165000000
1802665,"HARMONY BIOSCIENCES HOLDINGS, INC.",S1+S3,0.583,261280000,200489000,89316000,48180000,75431000,39776000
1662991,SEZZLE INC.,S1,0.582,84721000,52016000,54961000,36086000,40765000,27604000
1355096,"QVC GROUP, INC.",S2,0.582,1998000000,2236000000,51000000,-2272000000,-40000000,-2222000000
1737706,SEADRILL LIMITED,S3,0.582,355000000,288000000,72000000,6000000,29000000,-42000000
1995807,LandBridge Company LLC,S1,0.581,66840000,47533000,44158000,28502000,12287000,7502000
317788,"DIGITAL TURBINE, INC.",S2,0.576,165983000,130926000,23061000,-4661000,-11329000,-14104000
1712184,Liberty Latin America Ltd.,S2,0.576,1102600000,1086700000,181200000,-333000000,-24000000,-423300000
1704711,"FUNKO, INC.",S2,0.576,207719000,193469000,22139000,-34747000,15384000,-40490000
318300,PEOPLES BANCORP INC.,S3,0.574,22044000,21268000,35638000,27453000,27953000,21212000
1158324,"COGENT COMMUNICATIONS HOLDINGS, INC.",S2,0.572,235559000,246247000,118943000,-31459000,66636000,-57807000
1482981,"The Vita Coco Company, Inc.",S3,0.571,216153000,168759000,63139000,25122000,49451000,22908000
1566011,PBF HOLDING COMPANY LLC,S2,0.567,11676300000,7465600000,1193800000,-6400000,1152100000,-60200000
95029,"STURM, RUGER & COMPANY, INC.",S2,0.566,158058000,132491000,7629000,-20716000,6981000,-17226000
1324404,"CF INDUSTRIES HOLDINGS, INC.",S3,0.565,2222000000,1890000000,1121000000,648000000,,
1581804,NAVIGATOR HOLDINGS LTD,S3,0.562,167936000,129635000,63088000,33039000,52985000,21453000
1438533,"TRAVERE THERAPEUTICS, INC.",S2,0.561,169584000,114449000,3954000,-12650000,-34797000,-12755000
1185348,"PRA Group, Inc",S3,0.561,372174000,287688000,153282000,85111000,57917000,42374000
1510295,Marathon Petroleum Corporation,S1+S3,0.56,51994000000,33799000000,7322000000,2197000000,5138000000,1216000000
2007596,"TWFG, Inc.",S1+S3,0.56,87511000,60308000,17587000,7363000,2371000,1957000
1736297,"Astera Labs, Inc.",S1,0.56,392400000,191925000,89248000,39774000,153088000,51219000
1965040,FORTREA HOLDINGS INC.,S2,0.556,678200000,710300000,14800000,-330300000,-13200000,-374900000
1711799,"Nuveen Global Cities REIT, Inc.",S3,0.554,56817000,53027000,51960000,36721000,12466000,-2125000
1232582,"ASHFORD HOSPITALITY TRUST, INC.",S3,0.553,273240000,302001000,196328000,49296000,127993000,-30396000
855658,Lattice Semiconductor Corp,S1+S3,0.552,201079000,123971000,22353000,4706000,19359000,2913000
1035002,VALERO ENERGY CORP/TX,S1+S3,0.551,44476000000,29889000000,5196000000,997000000,3720000000,714000000
1657788,"Kimbell Royalty Partners, LP",S3,0.551,112477000,86548000,59681000,37786000,,
1384101,"VERACYTE, INC.",S2,0.549,150321000,130164000,22980000,-5268000,25490000,-980000
354707,"HAWAIIAN ELECTRIC INDUSTRIES, INC.",S3,0.549,939703000,746392000,204214000,53747000,,
1425292,"CVR PARTNERS, LP",S3,0.549,202194000,168559000,84816000,46318000,77504000,38768000
1792580,Ovintiv Inc.,S3,0.548,2872000000,2214000000,994000000,511000000,456000000,307000000
913277,CLARUS CORPORATION,S2,0.535,56156000,55247000,4560000,-10901000,4714000,-8434000
1436208,Legacy Housing Corporation,S1,0.532,53760000,38387000,26458000,16817000,23481000,14695000
8063,ASTRONICS CORPORATION,S3,0.531,259957000,204678000,40467000,4758000,35060000,1314000
1651308,BEONE MEDICINES LTD.,S3,0.531,1705071000,1315300000,325047000,87885000,237007000,94320000
1383650,"Cheniere Energy Partners, L.P.",S3,0.531,2583000000,2455000000,1340000000,715000000,1161000000,553000000
2064947,WaterBridge Infrastructure LLC,S1,0.53,217772000,95512000,40268000,17170000,5109000,
820313,AMPHENOL CORPORATION,S1,0.53,8758100000,5650300000,2584600000,1418800000,1769200000,1091300000
1928446,"GRANITE RIDGE RESOURCES, INC.",S1+S3,0.53,149273000,109219000,39017000,20735000,29996000,25081000
1104485,"NORTHERN OIL AND GAS, INC.",S3,0.526,745235000,706809000,352537000,176166000,236628000,99585000
1493594,"MACOM Technology Solutions Holdings, Inc.",S1+S3,0.525,342237000,252079000,77115000,37660000,100708000,36534000
46765,"HELMERICH & PAYNE, INC.",S2,0.522,986882000,1037876000,188211000,-128269000,75682000,-162758000
1280452,"Monolithic Power Systems, Inc.",S1,0.522,980642000,664574000,303894000,164758000,257298000,135009000
1832511,P3 Health Partners Inc.,S2,0.521,386381000,355788000,41226000,-34124000,7444000,-20362000
927003,"ADVANCED ENERGY INDUSTRIES, INC.",S1+S3,0.52,574100000,441500000,95100000,31600000,,25200000
1915657,HF SINCLAIR CORPORATION,S1+S3,0.519,10390000000,6784000000,1168000000,275000000,892000000,208000000
1600033,"e.l.f. Beauty, Inc.",S1+S3,0.518,479373000,353739000,102441000,48709000,66599000,33311000
1362468,Allegiant Travel Co,S2,0.517,822491000,617908000,21114000,-67489000,-4860000,-65166000
1888447,"Excelerate Energy, Inc",S1,0.515,329265000,204556000,80896000,43386000,,
1575965,"Gaming and Leisure Properties, Inc.",S3,0.514,430519000,394876000,332392000,242064000,228416000,151439000
106532,"WEYCO GROUP, INC.",S3,0.514,62216000,58221000,17020000,3893000,13315000,2256000
1818383,"MediaAlpha, Inc.",S2,0.513,316875000,251622000,19962000,-20042000,39438000,-18742000
1856314,"CLEAR SECURE, INC.",S3,0.511,277757000,219467000,82952000,42556000,50050000,24722000
1060822,"CARTER’S, INC.",S3,0.508,615490000,585313000,139826000,4044000,104958000,446000
1846576,"FIGS, Inc.",S3,0.508,196619000,152640000,35262000,9915000,28379000,7099000
874238,"STERLING INFRASTRUCTURE, INC.",S1,0.508,1168179000,614468000,219261000,104564000,155826000,70991000
1611115,"Omada Health, Inc.",S2,0.506,87835000,61371000,3549000,-4344000,5294000,-5311000
81362,QUAKER CHEMICAL CORPORATION,S2,0.505,532550000,483400000,40603000,-52510000,26835000,-66580000
1616533,"PENGUIN SOLUTIONS, INC.",S1+S3,0.5,478713000,324251000,50863000,9843000,44689000,2661000
1142750,"AMN HEALTHCARE SERVICES, INC.",S2,0.5,673237000,658175000,26908000,-123715000,21160000,-116202000
91419,The J. M. Smucker Company,S3,0.5,2219300000,2113300000,511600000,45600000,324300000,-43900000
1159036,"HALOZYME THERAPEUTICS, INC.",S1,0.499,480999000,325719000,287654000,202441000,229913000,165160000
1489393,LYONDELLBASELL INDUSTRIES N.V.,S3,0.493,9177000000,7658000000,1543000000,285000000,,
1445305,WORKIVA INC,S2,0.491,255290000,215187000,11670000,-22146000,13442000,-19400000
798359,CENTERSPACE,S2,0.489,65782000,68549000,8784000,-6796000,-1020000,-14515000
1428439,"Roku, Inc.",S2,0.486,1354690000,1111038000,146175000,-23333000,164216000,10503000
807863,"MITEK SYSTEMS, INC.",S3,0.485,54038000,45729000,11544000,3809000,8367000,2396000
818479,DENTSPLY SIRONA Inc.,S2,0.484,898000000,936000000,82000000,-128000000,37000000,-45000000
1792849,"HighPeak Energy, Inc.",S3,0.477,272419000,216472000,80243000,43444000,82275000,26176000
1282648,Battalion Oil Corp,S2,0.477,47978000,42576000,6781000,-153000,15508000,4796000
866291,"ALLEGRO MICROSYSTEMS, INC.",S2,0.475,259243000,203405000,25467000,-2740000,15871000,-13227000
1349436,"SANDRIDGE ENERGY, INC.",S1,0.475,51117000,34531000,25957000,18534000,26693000,19558000
1052752,GETTY REALTY CORP.,S3,0.475,59051000,53257000,34897000,24865000,22585000,14014000
851205,COGNEX CORP,S3,0.474,291263000,249093000,85517000,43433000,72756000,40511000
1262823,Westlake Corporation,S2,0.473,3271000000,2953000000,364000000,-109000000,260000000,-142000000
899629,ACADIA REALTY TRUST,S3,0.472,95423000,100592000,22674000,760000,,
1720635,nVent Electric plc,S1,0.471,1471300000,963100000,300700000,156700000,215900000,109500000
1376139,"CVR ENERGY, INC",S2,0.469,2738000000,1761000000,78000000,-103000000,-3000000,-114000000
813672,"CADENCE DESIGN SYSTEMS, INC.",S3,0.469,1584451000,1275441000,450315000,241797000,367076000,160051000
1694426,"DELEK US HOLDINGS, INC.",S2,0.468,4087000000,2764600000,302400000,-33500000,169500000,-106400000
1006837,INNOVATE CORP.,S1,0.468,421600000,242000000,34500000,4900000,10700000,-19800000
1711279,"Krystal Biotech, Inc.",S3,0.467,119222000,96042000,58417000,39399000,54768000,38333000
824142,"AAON, INC.",S1,0.466,626976000,311567000,68884000,23582000,56659000,15487000
1720116,"RED VIOLET, INC.",S3,0.466,26718000,21774000,6095000,2751000,4960000,2686000
913241,"STEVEN MADDEN, LTD.",S2,0.465,662914000,556090000,39319000,-40258000,27727000,-39477000
1758021,Karat Packaging Inc.,S3,0.464,136302000,123986000,37602000,16550000,29331000,10934000
2070849,"BillionToOne, Inc.",S2,0.464,109448000,66573000,5503000,-1627000,8054000,-246000
1439288,ZURN ELKAY WATER SOLUTIONS CORPORATION,S3,0.461,491000000,444500000,152300000,77600000,113300000,50500000
99780,TRINITY INDUSTRIES INC,S3,0.461,485100000,506200000,199800000,95400000,98300000,14100000
1677576,"Innovative Industrial Properties, Inc.",S3,0.459,63315000,62891000,41448000,28898000,43852000,26024000
1415404,EchoStar Corporation,S2,0.45,3576164000,3724959000,512938000,-213408000,8462372000,-306132000
1699150,Ingersoll Rand Inc.,S3,0.45,2048800000,1887900000,380300000,76400000,256800000,-115300000
1883085,Pagaya Technologies Ltd.,S3,0.448,365639000,317714000,105799000,56469000,45273000,16655000
47111,HERSHEY CO,S3,0.445,2787306000,2614718000,642641000,192811000,457665000,62719000
33488,"ESCALADE, INCORPORATED",S3,0.444,57702000,54333000,11934000,2621000,9431000,1825000
1902733,"nCino, Inc.",S2,0.443,161001000,148815000,13614000,-9296000,5081000,-15257000
39092,FRIEDMAN INDUSTRIES INC,S1,0.44,239971000,134777000,21034000,7043000,12784000,5028000
29989,OMNICOM GROUP INC.,S1,0.44,6562500000,4015600000,922500000,439200000,584800000,257600000
1529628,"SMART SAND, INC.",S2,0.439,115050000,85770000,10051000,-77000,10168000,21396000
1057352,"CoStar Group, Inc.",S2,0.437,925000000,781000000,76000000,-27000000,55000000,6000000
215466,"COEUR MINING, INC.",S1,0.435,1085592000,480650000,216514000,140108000,121853000,70726000
1698514,NATIONAL ENERGY SERVICES REUNITED CORP.,S1,0.435,520752000,327368000,64841000,27091000,44017000,15201000
712515,ELECTRONIC ARTS INC.,S3,0.433,1986000000,1671000000,513000000,271000000,397000000,201000000
1806931,RAYONIER INC.,S1,0.433,396116000,106194000,34615000,14545000,19137000,408708000
1499200,"Sabine Pass Liquefaction, LLC",S3,0.433,2533000000,2406000000,1056000000,648000000,978000000,566000000
811596,KAISER ALUMINUM CORPORATION,S1,0.433,1256600000,823100000,133700000,38000000,96800000,23200000
2040127,KARMAN HOLDINGS INC.,S1,0.429,182063000,115097000,34829000,20104000,14032000,6807000
356309,NEW JERSEY RESOURCES CORPORATION,S2,0.427,257985000,234836000,31892000,-1062000,9689000,-15051000
97476,TEXAS INSTRUMENTS INCORPORATED,S3,0.427,5463000000,4448000000,2310000000,1563000000,1980000000,1295000000
1748824,Acadian Asset Management Inc.,S1,0.426,185100000,127400000,32400000,16200000,27300000,10100000
1045610,"Prologis, Inc.",S3,0.425,2425452000,2183869000,1251336000,912712000,1062191000,571229000
1782170,"Remitly Global, Inc.",S3,0.424,495156000,411852000,66681000,14643000,205908000,6536000
1692787,KINETIK HOLDINGS INC.,S1,0.423,581440000,426738000,133977000,77455000,49539000,23645000
102752,VSE CORPORATION,S1,0.421,449137000,272139000,48958000,22513000,28523000,3197000
1023024,"ANI PHARMACEUTICALS, INC",S3,0.42,266044000,211371000,40460000,13892000,24711000,8549000
1710366,"Core Natural Resources, Inc.",S2,0.42,1141014000,1102361000,155758000,-19253000,126467000,-36556000
1142417,"NEXSTAR MEDIA GROUP, INC.",S1,0.419,1993000000,1229000000,362000000,213000000,120000000,97000000
866829,"HELIX ENERGY SOLUTIONS GROUP, INC.",S2,0.417,304016000,251682000,26715000,-3042000,22720000,-2598000
1801170,"CLOVER HEALTH INVESTMENTS, CORP. /DE",S2,0.413,743167000,477620000,28001000,-10559000,28001000,-10578000
1035983,"COMFORT SYSTEMS USA, INC.",S1,0.412,3265656000,2173319000,557966000,299873000,441602000,230848000
1819796,GCM Grosvenor Inc.,S3,0.412,134339000,119657000,35485000,19245000,9564000,15437000
1552275,SUNOCO LP,S1,0.41,14259000000,5390000000,583000000,203000000,,86000000
2089661,SUNOCOCORP LLC,S1,0.41,14259000000,5390000000,583000000,203000000,39000000,0
1579877,OUTFRONT Media Inc.,S3,0.408,522500000,460200000,116100000,56200000,77500000,19500000
1393883,"DHI Group, Inc.",S2,0.406,31341000,32027000,3812000,-1265000,2597000,-841000
704532,ONTO INNOVATION INC.,S1,0.406,343129000,253597000,63550000,32247000,60102000,33911000
1433270,ANTERO RESOURCES CORPORATION,S3,0.402,1559842000,1297493000,375459000,204883000,,
883241,SYNOPSYS INC,S1,0.4,2476822000,1739737000,357491000,165269000,545800000,242509000
1323885,"AtriCure, Inc.",S2,0.397,153604000,136139000,9665000,-6192000,8955000,-6190000
1237831,"GLOBUS MEDICAL, INC.",S3,0.396,789612000,745342000,182432000,76109000,151569000,202846000
1563190,"COMPASS, INC.",S1,0.394,4306000000,2060000000,124000000,39000000,92000000,39000000
1606909,PANGAEA LOGISTICS SOLUTIONS LTD.,S3,0.391,187119000,156689000,21345000,3654000,10201000,-2742000
897723,Sanmina Corporation,S1,0.391,3464016000,2041562000,221225000,95877000,117129000,68616000
1464790,"BRC Group Holdings, Inc.",S3,0.389,185877000,188166000,38195000,10815000,20549000,139471000
1630805,"BABCOCK & WILCOX ENTERPRISES, INC",S1,0.389,319716000,138856000,11769000,7016000,14255000,-58492000
1078075,"NETSCOUT SYSTEMS, INC.",S2,0.388,210423000,186747000,14477000,-6564000,21835000,-3679000
1109242,HANMI FINANCIAL CORPORATION,S3,0.387,72205000,65210000,23505000,15117000,23505000,15117000
2012383,"BlackRock, Inc.",S1,0.386,7084000000,5423000000,2461000000,1731000000,1914000000,1593000000
1159152,JAMES HARDIE INDUSTRIES plc,S1,0.385,1474600000,899900000,217700000,138600000,104300000,62600000
1089748,Huntsman Corporation,S2,0.384,1663000000,1458000000,37000000,-120000000,-6000000,-158000000
895456,"ROCKY BRANDS, INC.",S3,0.383,118368000,105647000,19685000,7156000,13881000,3608000
1611052,"Procore Technologies, Inc.",S2,0.382,375207000,323919000,4327000,-30267000,16922000,-21089000
1070235,BlackBerry Limited,S3,0.381,152900000,121700000,15300000,2000000,8500000,1900000
102729,"Valmont Industries, Inc.",S3,0.378,1118689000,1050548000,166111000,29276000,119918000,-4020000
2000178,Loar Holdings Inc.,S1,0.378,171579000,123123000,41852000,27317000,16742000,16713000
1276187,ENERGY TRANSFER LP,S1,0.378,34334000000,19242000000,3574000000,2309000000,2088000000,1163000000
1870600,"Solo Brands, Inc.",S2,0.378,88460000,92257000,3513000,-9835000,,
1413447,NXP Semiconductors N.V.,S3,0.376,3496000000,2926000000,1071000000,687000000,767000000,445000000
2048519,Aebi Schmidt Holding AG,S1,0.375,496408000,277743000,27040000,13859000,10510000,-2310000
1030894,CELESTICA INC.,S1,0.372,4698600000,2893400000,458300000,272500000,368800000,211000000
912562,"GIBRALTAR INDUSTRIES, INC.",S1,0.371,509547000,309517000,59819000,39506000,8190000,26004000
2052959,Lionsgate Studios Corp.,S2,0.37,776600000,525900000,25600000,-10600000,-28800000,-108900000
80172,NATIONAL PRESTO INDUSTRIES INC,S3,0.369,146596000,120449000,19414000,6096000,15862000,5152000
1851003,ZETA GLOBAL HOLDINGS CORP.,S2,0.368,442766000,308442000,16924000,-5105000,8173000,-12814000
1062231,DAUCH CORPORATION,S1,0.368,2955600000,1536200000,99700000,55000000,1000000,39300000
70318,TENET HEALTHCARE CORP,S3,0.367,5628000000,5271000000,1501000000,823000000,,
1481582,RYERSON HOLDING CORPORATION,S1,0.367,2006200000,1169300000,34400000,5800000,15500000,1900000
1504461,NGL Energy Partners LP,S1,0.366,989992000,622156000,145319000,97450000,78732000,68922000
885590,Bausch Health Companies Inc.,S3,0.365,2852000000,2530000000,740000000,444000000,258000000,148000000
799233,HEARTLAND EXPRESS INC,S2,0.365,184126000,210387000,16549000,-12419000,10583000,-10855000
1837240,SYMBOTIC INC.,S2,0.364,720838000,592121000,32895000,-25805000,11673000,-3923000
789460,WORLD KINECT CORPORATION,S2,0.361,13591200000,9043300000,96100000,-345100000,48400000,-339400000
1793659,"Rush Street Interactive, Inc.",S1,0.361,393776000,269217000,46228000,24324000,11546000,16688000
1022321,GENESIS ENERGY LP,S1,0.356,531995000,377348000,105436000,67715000,42857000,-406000
1561032,"National Healthcare Properties, Inc.",S2,0.355,87530000,85332000,5086000,-5518000,,
1845257,"LifeStance Health Group, Inc.",S2,0.354,435354000,345311000,30653000,-2950000,23612000,-3791000
1585389,"SmartStop Self Storage REIT, Inc.",S3,0.349,79276000,66816000,17875000,10263000,11246000,-8362000
1590955,"Paycom Software, Inc.",S3,0.348,531200000,483600000,168500000,112300000,107400000,89500000
1581990,PLAINS GP HOLDINGS LP,S1,0.346,17693000000,10642000000,397000000,237000000,389000000,30000000
1070423,PLAINS ALL AMERICAN PIPELINE LP,S1,0.345,17693000000,10642000000,398000000,239000000,1830000000,210000000
1596961,"RideNow Group, Inc.",S2,0.342,296800000,299900000,17900000,-18800000,6500000,-32200000
1411579,"AMC ENTERTAINMENT HOLDINGS, INC.",S3,0.339,1596700000,1397900000,238100000,92600000,-11400000,-4700000
1069183,"Axon Enterprise, Inc.",S2,0.339,904389000,668538000,46778000,-1036000,29427000,36117000
2105398,"CSQUARE, INC.",S3,0.338,215613000,212677000,59163000,33510000,-48827000,-13928000
1680062,"ACM Research, Inc.",S1,0.333,292919000,215372000,49743000,31694000,88984000,29760000
1048268,"IES Holdings, Inc.",S1,0.33,1242697000,890158000,178547000,111902000,,
1492869,SL GREEN REALTY CORP,S3,0.33,264001000,241916000,159934000,129280000,-22766000,-7355000
1410384,"Q2 Holdings, Inc.",S3,0.329,219765000,195148000,29341000,9840000,29858000,11764000
1057060,"MARINEMAX, INC.",S2,0.328,611258000,657159000,37219000,-41540000,15361000,-52146000
1314727,"SONOS, INC.",S2,0.326,375260000,344764000,31534000,-2929000,29853000,-3379000
836690,"INNOVATIVE SOLUTIONS AND SUPPORT, INC.",S3,0.325,26731981,24144832,6028626,3514332,4489323,2443814
1404655,"HubSpot, Inc.",S2,0.324,911740000,760866000,43319000,-24614000,43338000,-3258000
1345126,COMPASS DIVERSIFIED HOLDINGS,S2,0.323,424042000,478690000,28974000,-27238000,81089000,-51217000
1624794,"CSW INDUSTRIALS, INC.",S1,0.322,350650000,263646000,79854000,54876000,49759000,40925000
1096343,MARKEL GROUP INC.,S3,0.322,4018437000,4022543000,1560345000,1107340000,1168839000,657148000
1116942,"TTM TECHNOLOGIES, INC.",S1,0.321,1004054000,730621000,109055000,61769000,83047000,41530000
1561550,"Datadog, Inc.",S2,0.32,1121454000,826760000,5455000,-35500000,44558000,2647000
1594805,Shopify Inc.,S1,0.318,3583000000,2680000000,488000000,291000000,1502000000,906000000
1050915,"Quanta Services, Inc.",S1,0.316,9556997000,6773007000,694834000,370282000,451381000,229250000
1803696,ADEIA INC.,S3,0.316,96117000,85735000,25373000,16405000,17366000,16722000
1526113,"Global Net Lease, Inc.",S3,0.316,112475000,124905000,54731000,42297000,,
1406666,"Calix, Inc",S3,0.315,293329000,241882000,21849000,391000,17111000,-199000
1647639,"Upstart Holdings, Inc.",S1,0.315,364708000,257291000,14639000,4542000,16539000,5607000
97216,Terex Corporation,S1,0.313,2238000000,1487000000,187000000,129000000,110000000,72000000
1022671,"Steel Dynamics, Inc.",S1,0.312,6091557000,4565123000,700479000,382855000,534087000,298726000
935703,"DOLLAR TREE, INC.",S3,0.309,4886500000,4566800000,690100000,231000000,514500000,188400000
1522540,"Marqeta, Inc.",S2,0.309,175995000,150392000,3636000,-9228000,7567000,-647000
936468,LOCKHEED MARTIN CORPORATION,S3,0.306,20063000000,18155000000,2479000000,748000000,1836000000,342000000
1133062,JANEL CORPORATION,S1,0.305,61081000,43231000,3641000,1931000,2097000,887000
1828962,"Cricut, Inc.",S3,0.304,156285000,172112000,47418000,30105000,39054000,24488000
1083446,"Astrana Health, Inc.",S1,0.304,972520000,654808000,34322000,20340000,19739000,9423000
1088856,CORCEPT THERAPEUTICS INC,S1,0.303,256147000,194430000,41300000,26675000,42987000,35149000
22767,"TXNM Energy, Inc.",S3,0.298,518511000,493818000,123302000,72701000,,
876523,"EZCORP, INC.",S1,0.297,418748000,310981000,54820000,35995000,38199000,26503000
1617553,"ZIPRECRUITER, INC.",S2,0.293,118061000,112232000,4138000,-6662000,43425000,-9506000
77476,"PepsiCo, Inc.",S3,0.291,24181000000,22726000000,4023000000,1789000000,2981000000,1263000000
1831097,"agilon health, inc.",S2,0.29,1494743000,1394982000,11770000,-116027000,17956000,-104370000
1104657,MATERION CORPORATION,S1,0.288,613906000,431658000,51711000,36819000,38758000,25140000
1660134,"Okta, Inc.",S3,0.286,805000000,728000000,107000000,41000000,116000000,67000000
1474735,GENERAC HOLDINGS INC.,S3,0.286,1173510000,1061169000,210433000,111789000,143244000,74016000
1323468,Global Partners LP,S1,0.285,2929654000,2084841000,107363000,60066000,70985000,25210000
880807,AMERICAN SUPERCONDUCTOR CORP /DE/,S1,0.281,94073000,72358000,9832000,5644000,9490000,6724000
931015,POLARIS INC.,S2,0.28,2022800000,1852700000,148800000,-12900000,106400000,-79300000
1370450,"WILLDAN GROUP, INC.",S1,0.28,231028000,173473000,19734000,11816000,24345000,15436000
886206,FRANKLIN COVEY CO.,S2,0.278,67807000,67121000,4196000,-2203000,3085000,-1409000
1860543,"CADRE HOLDINGS, INC.",S1,0.275,207126000,157109000,22462000,14685000,11407000,12211000
1618755,RESTAURANT BRANDS INTERNATIONAL LIMITED PARTNERSHIP,S3,0.273,2520000000,2410000000,716000000,483000000,,
1618756,RESTAURANT BRANDS INTERNATIONAL INC.,S3,0.273,2520000000,2410000000,716000000,483000000,,
31235,EASTMAN KODAK COMPANY,S2,0.272,311000000,263000000,15000000,-5000000,17000000,-26000000
2015845,"Everus Construction Group, Inc.",S1,0.272,1231547000,921466000,111771000,72507000,83890000,52843000
1766400,"THE PENNANT GROUP, INC.",S1,0.27,297984000,219501000,17186000,11528000,9082000,7085000
1818201,CCC INTELLIGENT SOLUTIONS HOLDINGS INC.,S3,0.268,285931000,260451000,47633000,24470000,20787000,12960000
1544522,Freshworks Inc.,S2,0.263,237377000,204678000,6060000,-8656000,3239000,-1739000
778164,"ALTO INGREDIENTS, INC.",S2,0.262,245698000,218436000,8619000,-8108000,11701000,-10997000
1652535,"ICHOR HOLDINGS, LTD.",S2,0.26,294784000,240285000,7195000,-4840000,998000,-9408000
746515,"EXPEDITORS INTERNATIONAL OF WASHINGTON, INC.",S1,0.259,3502335000,2651885000,349618000,247736000,266226000,183574000
717605,Hexcel Corporation,S3,0.258,529300000,489900000,72600000,30000000,49300000,13500000
1050797,COLUMBIA SPORTSWEAR COMPANY,S2,0.257,614362000,605246000,30884000,-23591000,26553000,-10196000
833640,"POWER INTEGRATIONS, INC.",S2,0.254,118939000,115852000,8900000,-1345000,9833000,1369000
1660280,"TENABLE HOLDINGS, INC.",S2,0.254,268508000,247295000,12368000,-7448000,3805000,-14706000
7536,"ARROW ELECTRONICS, INC.",S1,0.251,9992237000,7579947000,377333000,190586000,272711000,187749000
926326,"OMNICELL, INC",S3,0.25,312208000,290562000,32449000,8120000,24289000,5639000
1598665,"Heritage Insurance Holdings, Inc.",S3,0.245,214195000,208035000,83850000,64870000,61710000,48024000
1832466,"ALIGNMENT HEALTHCARE, INC.",S1,0.243,1335633000,1015288000,42100000,22748000,36560000,15667000
72162,"NLI HOLDINGS, INC.",S3,0.241,43614000,40366000,6133000,2801000,8954000,355000
1274494,"First Solar, Inc.",S3,0.238,1056193000,1097170000,450386000,361607000,422569000,341868000
1103982,"Mondelez International, Inc.",S3,0.233,9355000000,8984000000,1946000000,1172000000,1548000000,641000000
1177394,TD SYNNEX CORPORATION,S1,0.233,19574813000,14946315000,519362000,328139000,334088000,184921000
1860742,Bausch & Lomb Corp,S2,0.232,1394000000,1278000000,83000000,-11000000,-14000000,-62000000
1604778,"Qorvo, Inc.",S3,0.22,784795000,818778000,96770000,30086000,85802000,25594000
1818093,SkinHealth Systems Inc.,S2,0.209,72113000,78187000,3572000,-2700000,-2669000,19712000
1286139,"LegalZoom.com, Inc.",S2,0.202,205289000,192509000,10650000,-3100000,5183000,-266000
1743759,"Corsair Gaming, Inc.",S2,0.197,314335000,320112000,7608000,-16923000,8843000,-20862000
1368514,"ADMA BIOLOGICS, INC.",S3,0.195,124395000,121984000,52445000,42798000,37822000,34219000
6176,AMPCO-PITTSBURGH CORP,S2,0.187,97904000,108933000,5072000,-3078000,1489000,-7335000
92103,EDISON INTERNATIONAL,S3,0.182,4357000000,4543000000,1092000000,775000000,534000000,343000000
1574085,BRAEMAR HOTELS & RESORTS INC.,S3,0.178,171026000,179077000,30611000,17894000,7038000,-5467000
1124198,FLUOR CORPORATION,S2,0.177,4329000000,3978000000,135000000,-26000000,114000000,2460000000
1504776,Warby Parker Inc.,S2,0.176,235511000,214475000,3167000,-4525000,4644000,-1752000
1043509,"SONIC AUTOMOTIVE, INC.",S2,0.172,3934000000,3657200000,131600000,-23300000,57400000,-45600000
1722684,"Wyndham Hotels & Resorts, Inc.",S3,0.171,375000000,397000000,174000000,150000000,102000000,87000000
1420800,Enovis Corp,S2,0.169,582782000,564545000,17413000,-16796000,-1190000,-36739000
107263,"Williams Companies, Inc.",S3,0.169,3379000000,3378000000,1182000000,945000000,827000000,546000000
871763,MANPOWERGROUP INC.,S2,0.151,4860200000,4519300000,112000000,-25300000,,-67100000
1071739,CENTENE CORPORATION,S2,0.138,44375000000,42467000000,1198000000,-458000000,1091000000,-253000000
1381531,DOMTAR CORPORATION,S2,0.138,1755000000,1763000000,22000000,-70000000,-56000000,-76000000
1756390,"ASCEND WELLNESS HOLDINGS, INC.",S2,0.133,126118000,127304000,5280000,-1002000,,
12927,THE BOEING COMPANY,S2,0.121,24560000000,22749000000,156000000,-176000000,-444000000,-611000000
1437107,"Warner Bros. Discovery, Inc.",S2,0.096,8717000000,9812000000,237000000,-185000000,149000000,1580000000
876427,"MONRO, INC.",S2,0.085,287129000,301035000,3695000,-6075000,-2149000,-8050000
1000753,"Insperity, Inc.",S2,0.067,1686000000,1658000000,6000000,-7000000,4000000,-5000000
