date,total_pc,equity_pc,index_pc,fetched_utc
2026-09-23,0.86,0.46,1.04,2026-09-24T12:24:17Z
2026-09-24,0.80,0.55,0.87,2026-09-25T20:34:51Z
2026-09-25,0.75,0.52,0.95,2026-09-27T00:48:03Z
2026-09-28,0.88,0.58,0.97,2026-09-30T01:26:57Z
2026-09-29,0.76,0.38,1.01,2026-10-01T01:26:16Z
2026-09-30,0.88,0.53,1.03,2026-10-02T01:46:30Z
2026-10-01,0.90,0.57,1.01,2026-10-02T23:52:42Z
2026-10-02,0.78,0.58,0.86,2026-10-04T01:55:02Z
2026-10-05,0.83,0.59,0.91,2026-10-07T01:44:47Z
2026-10-06,0.82,0.57,0.88,2026-10-08T02:12:16Z
2026-10-07,0.87,0.63,0.93,2026-10-09T02:26:51Z
