month,state,close,vix,vk
1996-12,0,651.219970703125,18.59,
1997-01,0,685.8400268554688,19.47,
1997-02,1,676.530029296875,21.08,
1997-03,1,677.3400268554688,20.5,
1997-04,0,703.22998046875,19.81,
1997-05,0,746.3599853515625,19.02,
1997-06,0,745.4000244140625,21.22,
1997-07,1,726.1199951171875,21.39,
1997-08,1,704.27001953125,24.51,
1997-09,1,647.1099853515625,22.23,
1997-10,2,470.7900085449219,38.2,
1997-11,2,411.9100036621094,28.95,
1997-12,2,375.1499938964844,30.27,
1998-01,1,558.3300170898438,21.65,
1998-02,1,548.4199829101562,18.63,
1998-03,1,481.0400085449219,24.66,
1998-04,1,421.2200012207031,22.78,
1998-05,1,336.6300048828125,20.74,
1998-06,1,297.8800048828125,19.57,
1998-07,1,343.3299865722656,22.66,
1998-08,1,310.1600036621094,39.6,
1998-09,1,310.32000732421875,36.08,
1998-10,0,384.75,29.5,
1998-11,0,451.8800048828125,22.09,
1998-12,0,562.4600219726562,21.48,
1999-01,0,571.4299926757812,28.11,
1999-02,0,520.0599975585938,28.01,
1999-03,0,618.97998046875,22.73,
1999-04,0,752.5900268554688,25.06,
1999-05,0,736.02001953125,25.39,
1999-06,0,883.0,22.51,
1999-07,0,969.719970703125,24.52,
1999-08,0,937.8800048828125,24.63,
1999-09,0,836.1799926757812,26.49,
1999-10,0,833.510009765625,21.34,
1999-11,1,996.6599731445312,23.57,
1999-12,1,1028.0699462890625,23.07,
2000-01,3,943.8800048828125,26.14,
2000-02,3,828.3800048828125,24.68,
2000-03,2,860.9400024414062,25.47,
2000-04,3,725.3900146484375,26.19,
2000-05,1,731.8800048828125,23.62,
2000-06,0,821.219970703125,19.7,
2000-07,0,705.969970703125,20.84,
2000-08,0,688.6199951171875,17.69,
2000-09,0,613.219970703125,19.47,
2000-10,1,514.47998046875,25.46,
2000-11,1,509.2300109863281,27.49,
2000-12,1,504.6199951171875,27.55,
2001-01,0,617.9099731445312,22.57,
2001-02,1,578.0999755859375,26.49,
2001-03,1,523.219970703125,29.17,
2001-04,1,577.3599853515625,24.02,
2001-05,0,612.1599731445312,22.76,
2001-06,0,595.1300048828125,20.01,
2001-07,0,541.5499877929688,22.69,
2001-08,0,545.1099853515625,25.41,
2001-09,1,479.67999267578125,34.0,
2001-10,0,537.8099975585938,33.46,
2001-11,0,643.8900146484375,25.18,
2001-12,0,693.7000122070312,21.59,
2002-01,0,748.0700073242188,23.22,
2002-02,0,819.989990234375,21.49,
2002-03,0,895.5800170898438,17.4,
2002-04,0,842.3400268554688,24.05,
2002-05,0,796.4000244140625,20.61,
2002-06,0,742.719970703125,26.29,
2002-07,1,717.989990234375,31.92,
2002-08,0,736.4000244140625,33.67,
2002-09,1,646.4199829101562,36.97,
2002-10,0,658.9199829101562,31.23,
2002-11,0,724.7999877929688,27.25,
2002-12,0,627.5499877929688,29.55,
2003-01,3,591.8599853515625,31.26,
2003-02,1,575.4299926757812,30.53,
2003-03,2,535.7000122070312,27.75,
2003-04,0,599.3499755859375,20.76,
2003-05,0,633.4199829101562,20.43,
2003-06,0,669.9299926757812,19.16,
2003-07,0,713.52001953125,18.85,
2003-08,0,759.469970703125,18.48,
2003-09,0,697.52001953125,21.67,
2003-10,0,782.3599853515625,16.33,
2003-11,0,796.1799926757812,16.23,
2003-12,0,810.7100219726562,17.09,
2004-01,0,848.5,17.14,
2004-02,0,883.4199829101562,14.83,
2004-03,1,880.5,16.28,
2004-04,1,862.8400268554688,16.6,
2004-05,1,803.8400268554688,15.5,
2004-06,0,785.7899780273438,15.47,
2004-07,0,735.3400268554688,15.68,
2004-08,0,803.5700073242188,15.44,
2004-09,0,835.0900268554688,13.21,
2004-10,0,834.8400268554688,15.39,
2004-11,0,878.0599975585938,13.3,
2004-12,0,895.9199829101562,11.62,
2005-01,0,932.7000122070312,13.24,
2005-02,0,1011.3599853515625,11.49,
2005-03,0,965.6799926757812,13.64,
2005-04,1,911.2999877929688,16.86,
2005-05,0,970.2100219726562,12.15,
2005-06,0,1008.1599731445312,11.77,
2005-07,1,1111.2900390625,10.52,
2005-08,0,1083.3299560546875,13.65,
2005-09,0,1221.010009765625,12.24,
2005-10,1,1158.1099853515625,14.25,
2005-11,1,1297.43994140625,11.89,
2005-12,0,1379.3699951171875,11.35,
2006-01,1,1399.8299560546875,12.39,
2006-02,0,1371.5899658203125,11.59,
2006-03,0,1359.5999755859375,11.57,
2006-04,0,1419.72998046875,11.84,
2006-05,0,1317.699951171875,14.26,
2006-06,1,1295.1500244140625,13.03,
2006-07,1,1297.8199462890625,14.33,
2006-08,0,1352.739990234375,12.22,
2006-09,0,1371.4100341796875,11.72,
2006-10,0,1364.550048828125,11.2,
2006-11,0,1432.2099609375,10.83,
2006-12,0,1434.4599609375,10.64,
2007-01,0,1360.22998046875,10.96,
2007-02,0,1417.3399658203125,18.31,
2007-03,0,1452.550048828125,15.14,
2007-04,0,1542.239990234375,12.45,
2007-05,0,1700.9100341796875,12.83,
2007-06,0,1743.5999755859375,15.54,
2007-07,0,1933.27001953125,20.87,
2007-08,1,1873.239990234375,25.06,
2007-09,1,1946.47998046875,17.0,
2007-10,1,2064.85009765625,21.07,
2007-11,3,1906.0,23.97,
2007-12,1,1897.1300048828125,20.26,
2008-01,3,1624.6800537109375,27.62,
2008-02,2,1711.6199951171875,23.53,
2008-03,2,1703.989990234375,25.71,
2008-04,1,1825.469970703125,20.24,
2008-05,1,1852.02001953125,18.14,
2008-06,1,1674.9200439453125,23.44,
2008-07,2,1594.6700439453125,21.21,
2008-08,1,1474.239990234375,19.43,
2008-09,2,1448.06005859375,46.72,
2008-10,3,1113.06005859375,62.9,
2008-11,1,1076.0699462890625,54.92,
2008-12,1,1124.469970703125,43.9,
2009-01,1,1162.1099853515625,42.63,
2009-02,1,1063.030029296875,44.66,
2009-03,1,1206.260009765625,45.54,
2009-04,0,1369.3599853515625,36.08,
2009-05,0,1395.8900146484375,31.67,
2009-06,0,1390.0699462890625,25.35,
2009-07,0,1557.2900390625,25.4,
2009-08,0,1591.8499755859375,24.76,
2009-09,0,1673.1400146484375,25.19,
2009-10,0,1580.68994140625,24.76,
2009-11,0,1555.5999755859375,24.85,
2009-12,0,1682.77001953125,20.01,
2010-01,0,1602.43,23.73,23.29
2010-02,0,1594.58,20.1,20.59
2010-03,0,1692.85,17.13,17.68
2010-04,0,1741.56,18.44,18.27
2010-05,2,1641.25,32.07,24.01
2010-06,1,1698.29,34.13,21.9
2010-07,1,1759.33,24.13,19.26
2010-08,1,1742.75,27.21,18.79
2010-09,0,1872.81,23.25,16.77
2010-10,0,1882.95,20.88,18.6
2010-11,0,1904.63,21.53,22.76
2010-12,0,2051.0,17.28,15.83
2011-01,0,2069.73,20.04,16.3
2011-02,0,1939.3,19.22,20.06
2011-03,0,2106.7,17.71,16.57
2011-04,0,2192.36,14.62,18.36
2011-05,0,2142.47,15.98,18.56
2011-06,0,2100.69,17.27,19.24
2011-07,2,2133.21,23.74,21.0
2011-08,3,1880.11,32.89,28.05
2011-09,3,1769.65,38.84,40.56
2011-10,2,1909.03,24.53,31.02
2011-11,2,1847.51,30.64,29.04
2011-12,1,1825.74,23.52,26.4
2012-01,1,1955.79,19.4,23.36
2012-02,0,2030.25,17.96,19.4
2012-03,0,2014.04,15.48,17.56
2012-04,0,1981.99,16.32,17.31
2012-05,1,1843.47,24.14,22.69
2012-06,1,1854.01,19.71,20.03
2012-07,0,1881.99,18.03,20.32
2012-08,0,1905.12,17.83,20.35
2012-09,0,1996.21,14.84,17.23
2012-10,0,1912.06,17.81,18.37
2012-11,0,1932.9,15.06,14.87
2012-12,0,1997.05,19.47,15.89
2013-01,0,1961.94,14.32,15.18
2013-02,0,2026.49,14.73,15.19
2013-03,0,2004.89,12.7,14.34
2013-04,0,1963.95,13.71,14.74
2013-05,0,2001.05,14.53,14.16
2013-06,2,1863.32,16.86,17.11
2013-07,1,1914.03,13.39,16.26
2013-08,0,1926.36,16.81,15.73
2013-09,0,1996.96,15.46,15.38
2013-10,0,2030.09,13.65,14.41
2013-11,0,2044.87,12.98,14.42
2013-12,0,2011.34,12.46,12.84
2014-01,0,1941.15,15.8,14.43
2014-02,0,1979.99,14.04,13.49
2014-03,0,1985.61,14.41,13.82
2014-04,0,1961.79,13.71,11.6
2014-05,0,1994.96,11.57,10.86
2014-06,0,2002.21,11.26,11.48
2014-07,0,2076.12,13.33,12.69
2014-08,0,2068.54,12.05,10.86
2014-09,1,2020.09,15.98,12.69
2014-10,1,1964.43,14.52,13.99
2014-11,1,1980.78,12.07,11.59
2014-12,1,1915.59,15.06,12.97
2015-01,1,1949.26,18.76,13.67
2015-02,1,1985.8,13.91,11.11
2015-03,1,2041.03,14.51,11.09
2015-04,0,2127.17,13.39,11.76
2015-05,0,2114.8,13.31,12.59
2015-06,1,2074.2,18.85,14.45
2015-07,1,2030.16,12.13,13.54
2015-08,3,1941.49,26.05,19.75
2015-09,2,1962.81,26.83,20.48
2015-10,0,2029.47,14.61,14.22
2015-11,1,1991.97,15.12,14.37
2015-12,1,1961.31,16.08,14.18
2016-01,2,1912.06,22.42,17.93
2016-02,1,1916.66,19.81,17.56
2016-03,0,1995.85,13.56,12.33
2016-04,0,1994.15,15.22,12.42
2016-05,1,1983.4,13.12,11.81
2016-06,2,1970.35,16.64,13.9
2016-07,0,2016.19,12.72,12.6
2016-08,0,2034.65,13.12,11.56
2016-09,0,2043.63,14.02,14.11
2016-10,0,2008.19,16.19,14.61
2016-11,0,1983.48,12.9,12.8
2016-12,0,2026.46,12.95,11.51
2017-01,0,2067.57,11.88,12.53
2017-02,0,2091.64,12.09,10.64
2017-03,0,2160.23,11.54,11.06
2017-04,0,2205.44,10.36,12.27
2017-05,0,2347.38,10.38,13.18
2017-06,0,2391.79,11.44,12.0
2017-07,0,2402.71,10.29,12.79
2017-08,1,2363.19,11.22,13.64
2017-09,0,2394.47,9.55,13.41
2017-10,0,2523.43,10.5,12.06
2017-11,0,2476.37,10.7,13.2
2017-12,0,2467.49,10.47,12.06
2018-01,1,2566.46,14.79,14.54
2018-02,2,2427.36,18.59,15.55
2018-03,1,2445.85,19.97,17.54
2018-04,1,2515.38,15.41,13.59
2018-05,1,2423.01,14.94,14.55
2018-06,1,2326.13,16.85,16.04
2018-07,1,2295.26,14.26,13.05
2018-08,1,2322.88,13.53,11.64
2018-09,1,2343.07,12.41,11.24
2018-10,2,2029.69,23.35,20.49
2018-11,1,2096.86,18.79,18.57
2018-12,1,2041.04,29.96,18.99
2019-01,1,2204.85,17.66,15.51
2019-02,1,2195.44,14.7,15.49
2019-03,1,2140.67,14.43,14.29
2019-04,1,2203.59,13.11,13.28
2019-05,1,2041.74,17.3,17.32
2019-06,1,2130.62,15.82,14.43
2019-07,1,2024.55,13.94,15.29
2019-08,2,1967.79,17.88,15.75
2019-09,1,2063.05,17.22,15.15
2019-10,0,2083.48,12.33,13.59
2019-11,0,2087.96,11.75,13.96
2019-12,0,2197.67,13.43,14.69
2020-01,1,2119.01,15.49,19.29
2020-02,3,1987.01,39.16,33.81
2020-03,3,1754.64,57.08,48.55
2020-04,2,1947.56,33.57,30.51
2020-05,1,2029.6,28.59,25.64
2020-06,1,2108.33,31.78,31.07
2020-07,0,2249.37,24.76,23.57
2020-08,0,2326.17,22.96,27.77
2020-09,0,2327.89,26.19,24.15
2020-10,1,2267.15,37.59,31.97
2020-11,0,2591.34,20.84,20.77
2020-12,0,2873.47,23.08,22.09
2021-01,1,2976.21,30.21,35.73
2021-02,0,3012.95,28.89,31.34
2021-03,0,3061.42,19.61,20.44
2021-04,0,3147.86,17.61,18.84
2021-05,0,3203.92,16.76,17.04
2021-06,0,3296.68,16.02,14.17
2021-07,0,3202.32,17.7,17.3
2021-08,2,3199.27,16.19,14.76
2021-09,2,3068.82,22.56,17.35
2021-10,2,2970.68,16.53,18.55
2021-11,3,2839.01,22.96,23.23
2021-12,3,2977.65,16.95,16.5
2022-01,3,2663.34,30.49,23.97
2022-02,2,2699.18,27.59,24.41
2022-03,2,2757.65,19.33,17.14
2022-04,2,2695.05,29.99,18.92
2022-05,2,2685.9,26.54,17.26
2022-06,3,2332.64,28.16,23.9
2022-07,2,2451.5,22.33,17.79
2022-08,2,2472.05,26.21,17.31
2022-09,3,2155.49,31.84,27.19
2022-10,2,2293.61,25.75,21.97
2022-11,1,2472.53,21.89,17.78
2022-12,0,2236.4,22.14,18.4
2023-01,0,2425.08,19.94,17.75
2023-02,1,2412.85,20.95,18.53
2023-03,0,2476.86,19.02,15.57
2023-04,0,2501.53,17.03,14.51
2023-05,0,2577.12,17.46,14.8
2023-06,0,2564.28,13.54,12.59
2023-07,0,2632.58,13.33,14.21
2023-08,0,2556.27,13.88,12.78
2023-09,0,2465.07,18.94,15.08
2023-10,2,2277.99,19.75,19.89
2023-11,0,2535.29,12.98,14.46
2023-12,0,2655.28,12.43,17.78
2024-01,0,2497.09,13.31,17.02
2024-02,0,2642.36,13.84,16.77
2024-03,0,2746.63,13.01,16.84
2024-04,1,2692.06,14.67,18.14
2024-05,0,2636.52,14.47,16.9
2024-06,0,2797.82,12.24,16.1
2024-07,3,2770.69,17.69,17.51
2024-08,2,2674.31,15.65,18.81
2024-09,0,2593.27,16.96,25.44
2024-10,1,2556.15,20.35,22.65
2024-11,0,2455.91,13.9,19.34
2024-12,1,2399.49,15.95,21.14
2025-01,1,2517.37,15.84,18.79
2025-02,1,2532.78,21.13,22.86
2025-03,2,2481.12,21.65,25.35
2025-04,2,2556.61,24.17,20.74
2025-05,1,2697.67,19.18,22.55
2025-06,0,3071.7,16.32,23.99
2025-07,0,3245.44,15.48,21.85
2025-08,0,3186.01,14.43,19.52
2025-09,0,3424.6,16.12,20.62
2025-10,1,4107.5,16.91,30.4
2025-11,3,3926.59,17.21,30.24
2025-12,1,4214.17,14.2,28.85
2026-01,1,5224.36,16.88,39.58
2026-02,3,6244.13,18.63,54.12
2026-03,3,5052.46,30.61,61.48
2026-04,3,6598.87,18.81,54.34
2026-05,3,8476.15,15.74,74.26
2026-06,3,8476.48,17.65,93.8
2026-07,3,6595.45,17.09,84.35
2026-08,2,6912.3701171875,15.21,
