op,code,rows,note,run_at_kst
getGrantingOfCreditBalanceInfo,00,420,total=1192 최신=20260923 정렬=최신순 페이지=1 경계버림=20250106,2026-09-29 19:59
getSecuritiesMarketTotalCapitalInfo,00,420,total=1205 최신=20260923 정렬=최신순 페이지=1 경계버림=20250106,2026-09-29 19:59
getCMAStatus,00,420,total=14460 최신=20260923 정렬=최신순 페이지=6 경계버림=20250106,2026-09-29 19:59
getCMAStatus:합계행,-,419,날짜 419개 중 합계행 사용 419개,2026-09-29 19:59
getETFPriceInfo,00,1171,basDt=20260928 레버리지 3119451764719,2026-09-29 19:59
getETFPriceInfo,00,1041,basDt=20251104 레버리지 2634431435461,2026-09-29 19:59
getETFPriceInfo,00,1039,basDt=20251103 레버리지 1998015426995,2026-09-29 19:59
getETFPriceInfo,00,1039,basDt=20251031 레버리지 1672494719585,2026-09-29 19:59
getETFPriceInfo,00,1039,basDt=20251030 레버리지 2606395596433,2026-09-29 19:59
getETFPriceInfo,00,1039,basDt=20251029 레버리지 1965397919747,2026-09-29 19:59
getETFPriceInfo,00,1040,basDt=20251028 레버리지 1893776944772,2026-09-29 19:59
getETFPriceInfo,00,1033,basDt=20251027 레버리지 1903116018638,2026-09-29 19:59
getETFPriceInfo,00,1033,basDt=20251024 레버리지 1716398152799,2026-09-29 19:59
getETFPriceInfo,00,1033,basDt=20251023 레버리지 1608169180884,2026-09-29 19:59
getETFPriceInfo,00,1033,basDt=20251022 레버리지 1294572877570,2026-09-29 19:59
getETFPriceInfo,00,1033,basDt=20251021 레버리지 1822935744411,2026-09-29 19:59
getETFPriceInfo,00,1028,basDt=20251020 레버리지 1683981177449,2026-09-29 19:59
getETFPriceInfo,00,1028,basDt=20251017 레버리지 1758456624849,2026-09-29 19:59
getETFPriceInfo,00,1028,basDt=20251016 레버리지 1441074381839,2026-09-29 19:59
getETFPriceInfo,00,1028,basDt=20251015 레버리지 1034760207776,2026-09-29 19:59
getETFPriceInfo,00,1029,basDt=20251014 레버리지 1950408870342,2026-09-29 19:59
getETFPriceInfo,00,1029,basDt=20251013 레버리지 1268661837758,2026-09-29 19:59
getETFPriceInfo,00,1029,basDt=20251010 레버리지 1068101315424,2026-09-29 19:59
getETFPriceInfo,00,1029,basDt=20251002 레버리지 1048160424016,2026-09-29 19:59
getETFPriceInfo,00,1029,basDt=20251001 레버리지 738926797565,2026-09-29 19:59
ETF백필,-,20,대상 20일 중 20일 채움 · 남은 빈 날짜 181일 · 건너뛰기 1일,2026-09-29 19:59
