run_ts,source_id,op,bas_dd,http_status,rows,elapsed_ms,error
2026-10-01T01:18:14+00:00,S-12,sto/stk_bydd_trd,20260930,200,942,4289,
2026-10-01T01:18:18+00:00,S-12,sto/ksq_bydd_trd,20260930,200,1824,3600,
2026-10-01T01:18:18+00:00,S-12,sto/knx_bydd_trd,20260930,200,107,415,
2026-10-01T01:18:19+00:00,S-12,idx/krx_dd_trd,20260930,200,40,281,
2026-10-01T01:18:19+00:00,S-12,idx/kospi_dd_trd,20260930,200,54,259,
2026-10-01T01:18:19+00:00,S-12,idx/kosdaq_dd_trd,20260930,200,40,231,
2026-10-01T01:18:19+00:00,S-12,idx/bon_dd_trd,20260930,200,3,283,
2026-10-01T01:18:20+00:00,S-12,idx/drvprod_dd_trd,20260930,200,322,525,
2026-10-01T01:18:21+00:00,S-12,etp/etf_bydd_trd,20260930,200,1171,632,
2026-10-01T01:18:21+00:00,S-12,etp/etn_bydd_trd,20260930,200,367,735,
2026-10-01T01:18:22+00:00,S-12,bon/kts_bydd_trd,20260930,200,13,206,
2026-10-01T01:18:22+00:00,S-12,bon/bnd_bydd_trd,20260930,200,296,439,
2026-10-01T01:18:23+00:00,S-12,drv/fut_bydd_trd,20260930,200,385,1257,
2026-10-01T01:18:28+00:00,S-12,drv/opt_bydd_trd,20260930,200,16296,4209,
2026-10-01T01:18:28+00:00,S-12,gen/gold_bydd_trd,20260930,200,2,252,
2026-10-01T01:18:28+00:00,S-12,gen/oil_bydd_trd,20260930,200,3,167,
2026-10-01T01:18:28+00:00,S-12,gen/ets_bydd_trd,20260930,200,19,195,
2026-10-01T01:18:29+00:00,S-12,sto/stk_bydd_trd,20260925,200,0,448,
2026-10-01T01:18:29+00:00,S-12,sto/ksq_bydd_trd,20260925,200,0,168,
2026-10-01T01:18:29+00:00,S-12,idx/kospi_dd_trd,20260925,200,0,180,
2026-10-01T01:18:29+00:00,S-12,idx/kosdaq_dd_trd,20260925,200,0,181,
2026-10-01T01:18:29+00:00,S-12,idx/drvprod_dd_trd,20260925,200,0,180,
2026-10-01T01:18:30+00:00,S-12,etp/etf_bydd_trd,20260925,200,1175,652,
2026-10-01T01:18:30+00:00,S-12,drv/opt_bydd_trd,20260925,200,0,162,
2026-10-01T01:18:30+00:00,S-12,sto/stk_bydd_trd,20260924,200,0,167,
2026-10-01T01:18:31+00:00,S-12,sto/ksq_bydd_trd,20260924,200,0,185,
2026-10-01T01:18:31+00:00,S-12,idx/kospi_dd_trd,20260924,200,0,383,
2026-10-01T01:18:31+00:00,S-12,idx/kosdaq_dd_trd,20260924,200,0,211,
2026-10-01T01:18:31+00:00,S-12,idx/drvprod_dd_trd,20260924,200,0,216,
2026-10-01T01:18:32+00:00,S-12,etp/etf_bydd_trd,20260924,200,1175,341,
2026-10-01T01:18:32+00:00,S-12,drv/opt_bydd_trd,20260924,200,0,306,
2026-10-01T01:18:32+00:00,S-12,sto/stk_bydd_trd,20260817,200,0,180,
2026-10-01T01:18:33+00:00,S-12,sto/ksq_bydd_trd,20260817,200,0,200,
2026-10-01T01:18:33+00:00,S-12,idx/kospi_dd_trd,20260817,200,0,189,
2026-10-01T01:18:33+00:00,S-12,idx/kosdaq_dd_trd,20260817,200,0,178,
2026-10-01T01:18:33+00:00,S-12,idx/drvprod_dd_trd,20260817,200,0,166,
2026-10-01T01:18:33+00:00,S-12,etp/etf_bydd_trd,20260817,200,1163,362,
2026-10-01T01:18:34+00:00,S-12,drv/opt_bydd_trd,20260817,200,0,190,
2026-10-01T01:18:34+00:00,S-12,sto/stk_bydd_trd,20260717,200,0,186,
2026-10-01T01:18:34+00:00,S-12,sto/ksq_bydd_trd,20260717,200,0,239,
2026-10-01T01:18:34+00:00,S-12,idx/kospi_dd_trd,20260717,200,0,414,
2026-10-01T01:18:35+00:00,S-12,idx/kosdaq_dd_trd,20260717,200,0,214,
2026-10-01T01:18:35+00:00,S-12,idx/drvprod_dd_trd,20260717,200,0,168,
2026-10-01T01:18:35+00:00,S-12,etp/etf_bydd_trd,20260717,200,1146,465,
2026-10-01T01:18:35+00:00,S-12,drv/opt_bydd_trd,20260717,200,0,172,
2026-10-01T01:18:36+00:00,S-12,sto/stk_bydd_trd,20260603,200,0,179,
2026-10-01T01:18:36+00:00,S-12,sto/ksq_bydd_trd,20260603,200,0,186,
2026-10-01T01:18:36+00:00,S-12,idx/kospi_dd_trd,20260603,200,0,161,
2026-10-01T01:18:36+00:00,S-12,idx/kosdaq_dd_trd,20260603,200,0,209,
2026-10-01T01:18:36+00:00,S-12,idx/drvprod_dd_trd,20260603,200,0,180,
2026-10-01T01:18:37+00:00,S-12,etp/etf_bydd_trd,20260603,200,1136,610,
2026-10-01T01:18:37+00:00,S-12,drv/opt_bydd_trd,20260603,200,0,174,
2026-10-01T11:15:45+00:00,S-12,sto/stk_bydd_trd,20260930,200,942,2436,
2026-10-01T11:15:47+00:00,S-12,sto/ksq_bydd_trd,20260930,200,1824,2156,
2026-10-01T11:15:47+00:00,S-12,sto/knx_bydd_trd,20260930,200,107,218,
2026-10-01T11:15:48+00:00,S-12,idx/krx_dd_trd,20260930,200,40,250,
2026-10-01T11:15:48+00:00,S-12,idx/kospi_dd_trd,20260930,200,54,249,
2026-10-01T11:15:48+00:00,S-12,idx/kosdaq_dd_trd,20260930,200,40,214,
2026-10-01T11:15:48+00:00,S-12,idx/bon_dd_trd,20260930,200,3,272,
2026-10-01T11:15:49+00:00,S-12,idx/drvprod_dd_trd,20260930,200,322,250,
2026-10-01T11:15:49+00:00,S-12,etp/etf_bydd_trd,20260930,200,1171,619,
2026-10-01T11:15:50+00:00,S-12,etp/etn_bydd_trd,20260930,200,367,337,
2026-10-01T11:15:50+00:00,S-12,bon/kts_bydd_trd,20260930,200,13,223,
2026-10-01T11:15:50+00:00,S-12,bon/bnd_bydd_trd,20260930,200,296,279,
2026-10-01T11:15:51+00:00,S-12,drv/fut_bydd_trd,20260930,200,385,864,
2026-10-01T11:15:54+00:00,S-12,drv/opt_bydd_trd,20260930,200,16296,3356,
2026-10-01T11:15:55+00:00,S-12,gen/gold_bydd_trd,20260930,200,2,166,
2026-10-01T11:15:55+00:00,S-12,gen/oil_bydd_trd,20260930,200,3,171,
2026-10-01T11:15:55+00:00,S-12,gen/ets_bydd_trd,20260930,200,19,273,
2026-10-01T11:15:55+00:00,S-12,sto/stk_bydd_trd,20260925,200,0,167,
2026-10-01T11:15:56+00:00,S-12,sto/ksq_bydd_trd,20260925,200,0,224,
2026-10-01T11:15:56+00:00,S-12,idx/kospi_dd_trd,20260925,200,0,191,
2026-10-01T11:15:56+00:00,S-12,idx/kosdaq_dd_trd,20260925,200,0,170,
2026-10-01T11:15:56+00:00,S-12,idx/drvprod_dd_trd,20260925,200,0,175,
2026-10-01T11:15:56+00:00,S-12,etp/etf_bydd_trd,20260925,200,1175,362,
2026-10-01T11:15:57+00:00,S-12,drv/opt_bydd_trd,20260925,200,0,171,
2026-10-01T11:15:57+00:00,S-12,sto/stk_bydd_trd,20260924,200,0,204,
2026-10-01T11:15:57+00:00,S-12,sto/ksq_bydd_trd,20260924,200,0,203,
2026-10-01T11:15:57+00:00,S-12,idx/kospi_dd_trd,20260924,200,0,193,
2026-10-01T11:15:57+00:00,S-12,idx/kosdaq_dd_trd,20260924,200,0,165,
2026-10-01T11:15:58+00:00,S-12,idx/drvprod_dd_trd,20260924,200,0,165,
2026-10-01T11:15:58+00:00,S-12,etp/etf_bydd_trd,20260924,200,1175,427,
2026-10-01T11:15:58+00:00,S-12,drv/opt_bydd_trd,20260924,200,0,177,
2026-10-01T11:15:58+00:00,S-12,sto/stk_bydd_trd,20260817,200,0,175,
2026-10-01T11:15:59+00:00,S-12,sto/ksq_bydd_trd,20260817,200,0,206,
2026-10-01T11:15:59+00:00,S-12,idx/kospi_dd_trd,20260817,200,0,178,
2026-10-01T11:15:59+00:00,S-12,idx/kosdaq_dd_trd,20260817,200,0,224,
2026-10-01T11:15:59+00:00,S-12,idx/drvprod_dd_trd,20260817,200,0,209,
2026-10-01T11:16:00+00:00,S-12,etp/etf_bydd_trd,20260817,200,1163,492,
2026-10-01T11:16:00+00:00,S-12,drv/opt_bydd_trd,20260817,200,0,168,
2026-10-01T11:16:00+00:00,S-12,sto/stk_bydd_trd,20260717,200,0,234,
2026-10-01T11:16:00+00:00,S-12,sto/ksq_bydd_trd,20260717,200,0,174,
2026-10-01T11:16:00+00:00,S-12,idx/kospi_dd_trd,20260717,200,0,170,
2026-10-01T11:16:01+00:00,S-12,idx/kosdaq_dd_trd,20260717,200,0,176,
2026-10-01T11:16:01+00:00,S-12,idx/drvprod_dd_trd,20260717,200,0,167,
2026-10-01T11:16:01+00:00,S-12,etp/etf_bydd_trd,20260717,200,1146,474,
2026-10-01T11:16:01+00:00,S-12,drv/opt_bydd_trd,20260717,200,0,169,
2026-10-01T11:16:02+00:00,S-12,sto/stk_bydd_trd,20260603,200,0,174,
2026-10-01T11:16:02+00:00,S-12,sto/ksq_bydd_trd,20260603,200,0,256,
2026-10-01T11:16:02+00:00,S-12,idx/kospi_dd_trd,20260603,200,0,190,
2026-10-01T11:16:02+00:00,S-12,idx/kosdaq_dd_trd,20260603,200,0,182,
2026-10-01T11:16:02+00:00,S-12,idx/drvprod_dd_trd,20260603,200,0,184,
2026-10-01T11:16:03+00:00,S-12,etp/etf_bydd_trd,20260603,200,1136,459,
2026-10-01T11:16:03+00:00,S-12,drv/opt_bydd_trd,20260603,200,0,207,
2026-10-01T18:43:00+00:00,S-12,sto/stk_bydd_trd,20261001,200,0,2137,
2026-10-01T18:43:02+00:00,S-12,sto/ksq_bydd_trd,20261001,200,0,1684,
2026-10-01T18:43:02+00:00,S-12,sto/knx_bydd_trd,20261001,200,0,224,
2026-10-01T18:43:02+00:00,S-12,idx/krx_dd_trd,20261001,200,0,238,
2026-10-01T18:43:03+00:00,S-12,idx/kospi_dd_trd,20261001,200,0,261,
2026-10-01T18:43:03+00:00,S-12,idx/kosdaq_dd_trd,20261001,200,0,270,
2026-10-01T18:43:03+00:00,S-12,idx/bon_dd_trd,20261001,200,0,355,
2026-10-01T18:43:03+00:00,S-12,idx/drvprod_dd_trd,20261001,200,0,272,
2026-10-01T18:43:04+00:00,S-12,etp/etf_bydd_trd,20261001,200,0,214,
2026-10-01T18:43:04+00:00,S-12,etp/etn_bydd_trd,20261001,200,0,237,
2026-10-01T18:43:04+00:00,S-12,bon/kts_bydd_trd,20261001,200,0,274,
2026-10-01T18:43:04+00:00,S-12,bon/bnd_bydd_trd,20261001,200,0,216,
2026-10-01T18:43:05+00:00,S-12,drv/fut_bydd_trd,20261001,200,0,366,
2026-10-01T18:43:05+00:00,S-12,drv/opt_bydd_trd,20261001,200,0,224,
2026-10-01T18:43:05+00:00,S-12,gen/gold_bydd_trd,20261001,200,0,232,
2026-10-01T18:43:05+00:00,S-12,gen/oil_bydd_trd,20261001,200,0,219,
2026-10-01T18:43:06+00:00,S-12,gen/ets_bydd_trd,20261001,200,0,241,
2026-10-01T18:43:06+00:00,S-12,sto/stk_bydd_trd,20260925,200,0,238,
2026-10-01T18:43:06+00:00,S-12,sto/ksq_bydd_trd,20260925,200,0,215,
2026-10-01T18:43:06+00:00,S-12,idx/kospi_dd_trd,20260925,200,0,239,
2026-10-01T18:43:07+00:00,S-12,idx/kosdaq_dd_trd,20260925,200,0,222,
2026-10-01T18:43:07+00:00,S-12,idx/drvprod_dd_trd,20260925,200,0,243,
2026-10-01T18:43:08+00:00,S-12,etp/etf_bydd_trd,20260925,200,1175,1557,
2026-10-01T18:43:09+00:00,S-12,drv/opt_bydd_trd,20260925,200,0,239,
2026-10-01T18:43:09+00:00,S-12,sto/stk_bydd_trd,20260924,200,0,213,
2026-10-01T18:43:09+00:00,S-12,sto/ksq_bydd_trd,20260924,200,0,215,
2026-10-01T18:43:09+00:00,S-12,idx/kospi_dd_trd,20260924,200,0,245,
2026-10-01T18:43:10+00:00,S-12,idx/kosdaq_dd_trd,20260924,200,0,218,
2026-10-01T18:43:10+00:00,S-12,idx/drvprod_dd_trd,20260924,200,0,245,
2026-10-01T18:43:10+00:00,S-12,etp/etf_bydd_trd,20260924,200,1175,468,
2026-10-01T18:43:10+00:00,S-12,drv/opt_bydd_trd,20260924,200,0,223,
2026-10-01T18:43:11+00:00,S-12,sto/stk_bydd_trd,20260817,200,0,221,
2026-10-01T18:43:11+00:00,S-12,sto/ksq_bydd_trd,20260817,200,0,249,
2026-10-01T18:43:11+00:00,S-12,idx/kospi_dd_trd,20260817,200,0,212,
2026-10-01T18:43:11+00:00,S-12,idx/kosdaq_dd_trd,20260817,200,0,217,
2026-10-01T18:43:12+00:00,S-12,idx/drvprod_dd_trd,20260817,200,0,228,
2026-10-01T18:43:12+00:00,S-12,etp/etf_bydd_trd,20260817,200,1163,479,
2026-10-01T18:43:12+00:00,S-12,drv/opt_bydd_trd,20260817,200,0,218,
2026-10-01T18:43:13+00:00,S-12,sto/stk_bydd_trd,20260717,200,0,243,
2026-10-01T18:43:13+00:00,S-12,sto/ksq_bydd_trd,20260717,200,0,212,
2026-10-01T18:43:13+00:00,S-12,idx/kospi_dd_trd,20260717,200,0,219,
2026-10-01T18:43:13+00:00,S-12,idx/kosdaq_dd_trd,20260717,200,0,221,
2026-10-01T18:43:13+00:00,S-12,idx/drvprod_dd_trd,20260717,200,0,245,
2026-10-01T18:43:14+00:00,S-12,etp/etf_bydd_trd,20260717,200,1146,420,
2026-10-01T18:43:14+00:00,S-12,drv/opt_bydd_trd,20260717,200,0,255,
2026-10-01T18:43:14+00:00,S-12,sto/stk_bydd_trd,20260603,200,0,230,
2026-10-01T18:43:15+00:00,S-12,sto/ksq_bydd_trd,20260603,200,0,212,
2026-10-01T18:43:15+00:00,S-12,idx/kospi_dd_trd,20260603,200,0,223,
2026-10-01T18:43:15+00:00,S-12,idx/kosdaq_dd_trd,20260603,200,0,213,
2026-10-01T18:43:15+00:00,S-12,idx/drvprod_dd_trd,20260603,200,0,215,
2026-10-01T18:43:16+00:00,S-12,etp/etf_bydd_trd,20260603,200,1136,410,
2026-10-01T18:43:16+00:00,S-12,drv/opt_bydd_trd,20260603,200,0,220,
2026-10-02T01:41:55+00:00,S-12,sto/stk_bydd_trd,20261001,200,942,2311,
2026-10-02T01:41:57+00:00,S-12,sto/ksq_bydd_trd,20261001,200,1824,2244,
2026-10-02T01:41:57+00:00,S-12,sto/knx_bydd_trd,20261001,200,107,330,
2026-10-02T01:41:58+00:00,S-12,idx/krx_dd_trd,20261001,200,40,356,
2026-10-02T01:41:58+00:00,S-12,idx/kospi_dd_trd,20261001,200,54,300,
2026-10-02T01:41:58+00:00,S-12,idx/kosdaq_dd_trd,20261001,200,40,409,
2026-10-02T01:41:59+00:00,S-12,idx/bon_dd_trd,20261001,200,3,433,
2026-10-02T01:42:00+00:00,S-12,idx/drvprod_dd_trd,20261001,200,322,1041,
2026-10-02T01:42:01+00:00,S-12,etp/etf_bydd_trd,20261001,200,1171,868,
2026-10-02T01:42:01+00:00,S-12,etp/etn_bydd_trd,20261001,200,367,450,
2026-10-02T01:42:01+00:00,S-12,bon/kts_bydd_trd,20261001,200,10,356,
2026-10-02T01:42:02+00:00,S-12,bon/bnd_bydd_trd,20261001,200,309,401,
2026-10-02T01:42:04+00:00,S-12,drv/fut_bydd_trd,20261001,200,385,2130,
2026-10-02T01:42:08+00:00,S-12,drv/opt_bydd_trd,20261001,200,16312,4111,
2026-10-02T01:42:09+00:00,S-12,gen/gold_bydd_trd,20261001,200,2,280,
2026-10-02T01:42:09+00:00,S-12,gen/oil_bydd_trd,20261001,200,3,298,
2026-10-02T01:42:09+00:00,S-12,gen/ets_bydd_trd,20261001,200,19,311,
2026-10-02T01:42:10+00:00,S-12,sto/stk_bydd_trd,20260925,200,0,312,
2026-10-02T01:42:10+00:00,S-12,sto/ksq_bydd_trd,20260925,200,0,396,
2026-10-02T01:42:10+00:00,S-12,idx/kospi_dd_trd,20260925,200,0,270,
2026-10-02T01:42:10+00:00,S-12,idx/kosdaq_dd_trd,20260925,200,0,317,
2026-10-02T01:42:11+00:00,S-12,idx/drvprod_dd_trd,20260925,200,0,295,
2026-10-02T01:42:11+00:00,S-12,etp/etf_bydd_trd,20260925,200,1175,494,
2026-10-02T01:42:12+00:00,S-12,drv/opt_bydd_trd,20260925,200,0,263,
2026-10-02T01:42:12+00:00,S-12,sto/stk_bydd_trd,20260924,200,0,278,
2026-10-02T01:42:12+00:00,S-12,sto/ksq_bydd_trd,20260924,200,0,340,
2026-10-02T01:42:13+00:00,S-12,idx/kospi_dd_trd,20260924,200,0,371,
2026-10-02T01:42:13+00:00,S-12,idx/kosdaq_dd_trd,20260924,200,0,293,
2026-10-02T01:42:13+00:00,S-12,idx/drvprod_dd_trd,20260924,200,0,290,
2026-10-02T01:42:14+00:00,S-12,etp/etf_bydd_trd,20260924,200,1175,489,
2026-10-02T01:42:14+00:00,S-12,drv/opt_bydd_trd,20260924,200,0,472,
2026-10-02T01:42:14+00:00,S-12,sto/stk_bydd_trd,20260817,200,0,300,
2026-10-02T01:42:15+00:00,S-12,sto/ksq_bydd_trd,20260817,200,0,275,
2026-10-02T01:42:15+00:00,S-12,idx/kospi_dd_trd,20260817,200,0,274,
2026-10-02T01:42:15+00:00,S-12,idx/kosdaq_dd_trd,20260817,200,0,300,
2026-10-02T01:42:16+00:00,S-12,idx/drvprod_dd_trd,20260817,200,0,266,
2026-10-02T01:42:16+00:00,S-12,etp/etf_bydd_trd,20260817,200,1163,491,
2026-10-02T01:42:16+00:00,S-12,drv/opt_bydd_trd,20260817,200,0,260,
2026-10-02T01:42:17+00:00,S-12,sto/stk_bydd_trd,20260717,200,0,293,
2026-10-02T01:42:17+00:00,S-12,sto/ksq_bydd_trd,20260717,200,0,245,
2026-10-02T01:42:17+00:00,S-12,idx/kospi_dd_trd,20260717,200,0,278,
2026-10-02T01:42:17+00:00,S-12,idx/kosdaq_dd_trd,20260717,200,0,272,
2026-10-02T01:42:18+00:00,S-12,idx/drvprod_dd_trd,20260717,200,0,272,
2026-10-02T01:42:18+00:00,S-12,etp/etf_bydd_trd,20260717,200,1146,441,
2026-10-02T01:42:18+00:00,S-12,drv/opt_bydd_trd,20260717,200,0,345,
2026-10-02T01:42:19+00:00,S-12,sto/stk_bydd_trd,20260603,200,0,293,
2026-10-02T01:42:19+00:00,S-12,sto/ksq_bydd_trd,20260603,200,0,246,
2026-10-02T01:42:19+00:00,S-12,idx/kospi_dd_trd,20260603,200,0,249,
2026-10-02T01:42:19+00:00,S-12,idx/kosdaq_dd_trd,20260603,200,0,240,
2026-10-02T01:42:20+00:00,S-12,idx/drvprod_dd_trd,20260603,200,0,225,
2026-10-02T01:42:20+00:00,S-12,etp/etf_bydd_trd,20260603,200,1136,453,
2026-10-02T01:42:20+00:00,S-12,drv/opt_bydd_trd,20260603,200,0,269,
