run_utc,source,status,rows,added,changed,detail
2026-09-22T22:40:37Z,cftc_legacy,OK,,,,700행 수신 (최신 2026-09-15)
2026-09-22T22:40:37Z,cftc_tff,OK,,,,700행 수신 (최신 2026-09-15)
2026-09-22T22:40:37Z,cftc_merge,OK,700,700,0,cftc_es.csv 전체 700행
2026-09-22T22:40:37Z,finra,OK,356,356,0,최신 2026-08 · 전체 356행
2026-09-22T22:40:37Z,cboe_total,FAIL,,,,HTTPError HTTP Error 403: Forbidden
2026-09-22T22:40:37Z,cboe_equity,FAIL,,,,HTTPError HTTP Error 403: Forbidden
2026-09-22T22:40:37Z,cboe_index,FAIL,,,,HTTPError HTTP Error 403: Forbidden
2026-09-23T22:40:52Z,cftc_legacy,OK,,,,700행 수신 (최신 2026-09-15)
2026-09-23T22:40:52Z,cftc_tff,OK,,,,700행 수신 (최신 2026-09-15)
2026-09-23T22:40:52Z,cftc_merge,OK,700,0,0,cftc_es.csv 전체 700행
2026-09-23T22:40:52Z,finra,OK,356,0,0,최신 2026-08 · 전체 356행
2026-09-23T22:40:52Z,cboe_probe_vix_botua,PROBE,,,,"HTTP 200 · server=cloudflare · DATE,OPEN,HIGH,LOW,CLOSE 01/02/1990,17.240000,17.240000,17.240000,17.240000 01/03/1990,18.190000,18.190000,18.190000,18."
2026-09-23T22:40:52Z,cboe_probe_vix_browserua,PROBE,,,,"HTTP 200 · server=cloudflare · DATE,OPEN,HIGH,LOW,CLOSE 01/02/1990,17.240000,17.240000,17.240000,17.240000 01/03/1990,18.190000,18.190000,18.190000,18."
2026-09-23T22:40:52Z,cboe_probe_totalpc_browserua,PROBE,,,,"HTTP 403 · server=cloudflare · <?xml version=""1.0"" encoding=""UTF-8""?> <Error><Code>AccessDenied</Code><Message>Access Denied</Message><RequestId>26WB87"
2026-09-23T22:40:52Z,cboe_total,FAIL,,,,HTTPError HTTP Error 403: Forbidden
2026-09-23T22:40:52Z,cboe_equity,FAIL,,,,HTTPError HTTP Error 403: Forbidden
2026-09-23T22:40:52Z,cboe_index,FAIL,,,,HTTPError HTTP Error 403: Forbidden
2026-09-24T11:18:53Z,cftc_legacy,OK,,,,700행 수신 (최신 2026-09-15)
2026-09-24T11:18:53Z,cftc_tff,OK,,,,700행 수신 (최신 2026-09-15)
2026-09-24T11:18:53Z,cftc_merge,OK,700,0,0,cftc_es.csv 전체 700행
2026-09-24T11:18:53Z,finra,OK,356,0,0,최신 2026-08 · 전체 356행
2026-09-24T11:18:53Z,cboe_probe_page_today,PROBE,,,,HTTP 200 · server=cloudflare · bytes=447351 · total=0.86 index=1.04 equity=0.46 · dates=- · urls=-
2026-09-24T11:18:53Z,cboe_probe_page_dt,PROBE,,,,HTTP 200 · server=cloudflare · bytes=447411 · total=0.86 index=1.04 equity=0.46 · dates=- · urls=-
2026-09-24T11:18:53Z,cboe_total,FAIL,,,,HTTPError HTTP Error 403: Forbidden
2026-09-24T11:18:53Z,cboe_equity,FAIL,,,,HTTPError HTTP Error 403: Forbidden
2026-09-24T11:18:53Z,cboe_index,FAIL,,,,HTTPError HTTP Error 403: Forbidden
2026-09-24T12:24:17Z,cftc_legacy,OK,,,,700행 수신 (최신 2026-09-15)
2026-09-24T12:24:17Z,cftc_tff,OK,,,,700행 수신 (최신 2026-09-15)
2026-09-24T12:24:17Z,cftc_merge,OK,700,0,0,cftc_es.csv 전체 700행
2026-09-24T12:24:17Z,finra,OK,356,0,0,최신 2026-08 · 전체 356행
2026-09-24T12:24:17Z,cboe_page,OK,,,,total=0.86 index=1.04 equity=0.46 · 2026-09-24 08:24 ET · 규칙 before_open · 매긴 날짜 2026-09-23 · 페이지 날짜 모양 2026-09-23|2019-10-07 · bytes=447183
2026-09-24T12:24:17Z,cboe_probe_dt,PROBE,,,,dt=2026-09-18 · total=0.81 index=0.98 equity=0.58 · 오늘 화면과 다름
2026-09-24T12:24:17Z,cboe_merge,OK,1,1,0,2026-09-23 저장 · cboe_putcall.csv 전체 1행
2026-09-24T22:40:23Z,cftc_legacy,OK,,,,700행 수신 (최신 2026-09-15)
2026-09-24T22:40:23Z,cftc_tff,OK,,,,700행 수신 (최신 2026-09-15)
2026-09-24T22:40:23Z,cftc_merge,OK,700,0,0,cftc_es.csv 전체 700행
2026-09-24T22:40:23Z,finra,OK,356,0,0,최신 2026-08 · 전체 356행
2026-09-24T22:40:23Z,cboe_page,OK,,,,total=0.86 index=1.04 equity=0.46 · 2026-09-24 18:40 ET · 규칙 after_close · 매긴 날짜 2026-09-24 · 페이지 날짜 모양 2026-09-23|2019-10-07 · bytes=447545
2026-09-24T22:40:23Z,cboe_probe_dt,PROBE,,,,dt=2026-09-21 · total=0.74 index=0.80 equity=0.53 · 오늘 화면과 다름
2026-09-24T22:40:23Z,cboe_store,NOTE,,,,저장 안 함 — 세 값이 마지막 행(2026-09-23)과 같다 · 휴장일이거나 화면 갱신 전으로 본다
2026-09-25T20:34:51Z,cftc_legacy,OK,,,,700행 수신 (최신 2026-09-22)
2026-09-25T20:34:51Z,cftc_tff,OK,,,,700행 수신 (최신 2026-09-22)
2026-09-25T20:34:51Z,cftc_merge,OK,701,1,0,cftc_es.csv 전체 701행
2026-09-25T20:34:51Z,finra,OK,356,0,0,최신 2026-08 · 전체 356행
2026-09-25T20:34:51Z,cboe_page,OK,,,,total=0.80 index=0.87 equity=0.55 · 2026-09-25 16:34 ET · 부른 날짜 2026-09-24 · no_data 문구 없음 · 페이지 날짜 모양 2026-09-24|2019-10-07 · bytes=447600
2026-09-25T20:34:51Z,cboe_merge,OK,2,1,0,2026-09-24 저장 · cboe_putcall.csv 전체 2행
2026-09-25T22:41:52Z,cftc_legacy,OK,,,,700행 수신 (최신 2026-09-22)
2026-09-25T22:41:52Z,cftc_tff,OK,,,,700행 수신 (최신 2026-09-22)
2026-09-25T22:41:52Z,cftc_merge,OK,701,0,0,cftc_es.csv 전체 701행
2026-09-25T22:41:52Z,finra,OK,356,0,0,최신 2026-08 · 전체 356행
2026-09-25T22:41:52Z,cboe_page,OK,,,,total=0.80 index=0.87 equity=0.55 · 2026-09-25 18:41 ET · 부른 날짜 2026-09-24 · no_data 문구 없음 · 페이지 날짜 모양 2026-09-24|2019-10-07 · bytes=447600
2026-09-25T22:41:52Z,cboe_merge,OK,2,0,0,2026-09-24 저장 · cboe_putcall.csv 전체 2행
2026-09-27T00:48:03Z,cftc_legacy,OK,,,,700행 수신 (최신 2026-09-22)
2026-09-27T00:48:03Z,cftc_tff,OK,,,,700행 수신 (최신 2026-09-22)
2026-09-27T00:48:03Z,cftc_merge,OK,701,0,0,cftc_es.csv 전체 701행
2026-09-27T00:48:03Z,finra,OK,356,0,0,최신 2026-08 · 전체 356행
2026-09-27T00:48:03Z,cboe_page,OK,,,,total=0.75 index=0.95 equity=0.52 · 2026-09-26 20:48 ET · 부른 날짜 2026-09-25 · no_data 문구 없음 · 페이지 날짜 모양 2026-09-25|2019-10-07 · bytes=447599
2026-09-27T00:48:03Z,cboe_merge,OK,3,1,0,2026-09-25 저장 · cboe_putcall.csv 전체 3행
2026-09-28T01:03:45Z,cftc_legacy,OK,,,,700행 수신 (최신 2026-09-22)
2026-09-28T01:03:45Z,cftc_tff,OK,,,,700행 수신 (최신 2026-09-22)
2026-09-28T01:03:45Z,cftc_merge,OK,701,0,0,cftc_es.csv 전체 701행
2026-09-28T01:03:45Z,finra,OK,356,0,0,최신 2026-08 · 전체 356행
2026-09-28T01:03:45Z,cboe_page,OK,,,,total=0.75 index=0.95 equity=0.52 · 2026-09-27 21:03 ET · 부른 날짜 2026-09-25 · no_data 문구 없음 · 페이지 날짜 모양 2026-09-25|2019-10-07 · bytes=447599
2026-09-28T01:03:45Z,cboe_merge,OK,3,0,0,2026-09-25 저장 · cboe_putcall.csv 전체 3행
2026-09-29T02:12:48Z,cftc_legacy,OK,,,,700행 수신 (최신 2026-09-22)
2026-09-29T02:12:48Z,cftc_tff,OK,,,,700행 수신 (최신 2026-09-22)
2026-09-29T02:12:48Z,cftc_merge,OK,701,0,0,cftc_es.csv 전체 701행
2026-09-29T02:12:48Z,finra,OK,356,0,0,최신 2026-08 · 전체 356행
2026-09-29T02:12:48Z,cboe_page,OK,,,,total=0.75 index=0.95 equity=0.52 · 2026-09-28 22:12 ET · 부른 날짜 2026-09-25 · no_data 문구 없음 · 페이지 날짜 모양 2026-09-25|2019-10-07|2026-09-28 · bytes=447599
2026-09-29T02:12:48Z,cboe_merge,OK,3,0,0,2026-09-25 저장 · cboe_putcall.csv 전체 3행
2026-09-30T01:26:57Z,cftc_legacy,OK,,,,700행 수신 (최신 2026-09-22)
2026-09-30T01:26:57Z,cftc_tff,OK,,,,700행 수신 (최신 2026-09-22)
2026-09-30T01:26:57Z,cftc_merge,OK,701,0,0,cftc_es.csv 전체 701행
2026-09-30T01:26:57Z,finra,OK,356,0,0,최신 2026-08 · 전체 356행
2026-09-30T01:26:57Z,cboe_page,OK,,,,total=0.88 index=0.97 equity=0.58 · 2026-09-29 21:26 ET · 부른 날짜 2026-09-28 · no_data 문구 없음 · 페이지 날짜 모양 2026-09-28|2019-10-07 · bytes=447709
2026-09-30T01:26:57Z,cboe_merge,OK,4,1,0,2026-09-28 저장 · cboe_putcall.csv 전체 4행
2026-10-01T01:26:16Z,cftc_legacy,OK,,,,700행 수신 (최신 2026-09-22)
2026-10-01T01:26:16Z,cftc_tff,OK,,,,700행 수신 (최신 2026-09-22)
2026-10-01T01:26:16Z,cftc_merge,OK,701,0,0,cftc_es.csv 전체 701행
2026-10-01T01:26:16Z,finra,OK,356,0,0,최신 2026-08 · 전체 356행
2026-10-01T01:26:16Z,cboe_page,OK,,,,total=0.76 index=1.01 equity=0.38 · 2026-09-30 21:26 ET · 부른 날짜 2026-09-29 · no_data 문구 없음 · 페이지 날짜 모양 2026-09-29|2019-10-07 · bytes=447591
2026-10-01T01:26:16Z,cboe_merge,OK,5,1,0,2026-09-29 저장 · cboe_putcall.csv 전체 5행
2026-10-02T01:46:30Z,cftc_legacy,OK,,,,700행 수신 (최신 2026-09-22)
2026-10-02T01:46:30Z,cftc_tff,OK,,,,700행 수신 (최신 2026-09-22)
2026-10-02T01:46:30Z,cftc_merge,OK,701,0,0,cftc_es.csv 전체 701행
2026-10-02T01:46:30Z,finra,OK,356,0,0,최신 2026-08 · 전체 356행
2026-10-02T01:46:30Z,cboe_page,OK,,,,total=0.88 index=1.03 equity=0.53 · 2026-10-01 21:46 ET · 부른 날짜 2026-09-30 · no_data 문구 없음 · 페이지 날짜 모양 2026-09-30|2019-10-07|2026-10-01 · bytes=447729
2026-10-02T01:46:30Z,cboe_merge,OK,6,1,0,2026-09-30 저장 · cboe_putcall.csv 전체 6행
2026-10-02T23:52:42Z,cftc_legacy,OK,,,,700행 수신 (최신 2026-09-29)
2026-10-02T23:52:42Z,cftc_tff,OK,,,,700행 수신 (최신 2026-09-29)
2026-10-02T23:52:42Z,cftc_merge,OK,702,1,0,cftc_es.csv 전체 702행
2026-10-02T23:52:42Z,finra,OK,356,0,0,최신 2026-08 · 전체 356행
2026-10-02T23:52:42Z,cboe_page,OK,,,,total=0.90 index=1.01 equity=0.57 · 2026-10-02 19:52 ET · 부른 날짜 2026-10-01 · no_data 문구 없음 · 페이지 날짜 모양 2026-10-01|2019-10-07 · bytes=447758
2026-10-02T23:52:42Z,cboe_merge,OK,7,1,0,2026-10-01 저장 · cboe_putcall.csv 전체 7행
2026-10-03T01:20:00Z,cftc_legacy,OK,,,,700행 수신 (최신 2026-09-29)
2026-10-03T01:20:00Z,cftc_tff,OK,,,,700행 수신 (최신 2026-09-29)
2026-10-03T01:20:00Z,cftc_merge,OK,702,0,0,cftc_es.csv 전체 702행
2026-10-03T01:20:00Z,finra,OK,356,0,0,최신 2026-08 · 전체 356행
2026-10-03T01:20:00Z,cboe_page,OK,,,,total=0.90 index=1.01 equity=0.57 · 2026-10-02 21:20 ET · 부른 날짜 2026-10-01 · no_data 문구 없음 · 페이지 날짜 모양 2026-10-01|2019-10-07 · bytes=447758
2026-10-03T01:20:00Z,cboe_merge,OK,7,0,0,2026-10-01 저장 · cboe_putcall.csv 전체 7행
2026-10-04T01:55:02Z,cftc_legacy,OK,,,,700행 수신 (최신 2026-09-29)
2026-10-04T01:55:02Z,cftc_tff,OK,,,,700행 수신 (최신 2026-09-29)
2026-10-04T01:55:02Z,cftc_merge,OK,702,0,0,cftc_es.csv 전체 702행
2026-10-04T01:55:02Z,finra,OK,356,0,0,최신 2026-08 · 전체 356행
2026-10-04T01:55:02Z,cboe_page,OK,,,,total=0.78 index=0.86 equity=0.58 · 2026-10-03 21:55 ET · 부른 날짜 2026-10-02 · no_data 문구 없음 · 페이지 날짜 모양 2026-10-02|2019-10-07 · bytes=450101
2026-10-04T01:55:02Z,cboe_merge,OK,8,1,0,2026-10-02 저장 · cboe_putcall.csv 전체 8행
2026-10-05T01:08:56Z,cftc_legacy,OK,,,,700행 수신 (최신 2026-09-29)
2026-10-05T01:08:56Z,cftc_tff,OK,,,,700행 수신 (최신 2026-09-29)
2026-10-05T01:08:56Z,cftc_merge,OK,702,0,0,cftc_es.csv 전체 702행
2026-10-05T01:08:56Z,finra,OK,356,0,0,최신 2026-08 · 전체 356행
2026-10-05T01:08:56Z,cboe_page,OK,,,,total=0.78 index=0.86 equity=0.58 · 2026-10-04 21:08 ET · 부른 날짜 2026-10-02 · no_data 문구 없음 · 페이지 날짜 모양 2026-10-02|2019-10-07 · bytes=450101
2026-10-05T01:08:56Z,cboe_merge,OK,8,0,0,2026-10-02 저장 · cboe_putcall.csv 전체 8행
2026-10-06T02:26:21Z,cftc_legacy,OK,,,,700행 수신 (최신 2026-09-29)
2026-10-06T02:26:21Z,cftc_tff,OK,,,,700행 수신 (최신 2026-09-29)
2026-10-06T02:26:21Z,cftc_merge,OK,702,0,0,cftc_es.csv 전체 702행
2026-10-06T02:26:21Z,finra,OK,356,0,0,최신 2026-08 · 전체 356행
2026-10-06T02:26:21Z,cboe_page,OK,,,,total=0.78 index=0.86 equity=0.58 · 2026-10-05 22:26 ET · 부른 날짜 2026-10-02 · no_data 문구 없음 · 페이지 날짜 모양 2026-10-02|2019-10-07|2026-10-05 · bytes=450101
2026-10-06T02:26:21Z,cboe_merge,OK,8,0,0,2026-10-02 저장 · cboe_putcall.csv 전체 8행
